,Nome
0,ABDO
1,ABMAEL
2,ABNER
3,ABRAHAO
4,ACACIA
5,ACACIO
6,ACILENE
7,ACSA
8,ACYNELLY
9,ADA
10,ADA
11,ADA
12,ADAILDE
13,ADAILDO
14,ADAILSON
15,ADAILTON
16,ADALA
17,ADALBERTO
18,ADALBERTO
19,ADALBERTO
20,ADALGIZA
21,ADAM
22,ADAMO
23,ADAUTO
24,ADAUTO
25,ADAUTO
26,ADDISON
27,ADEILDE
28,ADEILZE
29,ADELAIDE
30,ADELARDO
31,ADELE
32,ADELENA
33,ADELSON
34,ADEMAR
35,ADEMAR
36,ADEMIR
37,ADEMIR
38,ADENILDA
39,ADENYLZA
40,ADERSON
41,ADERSON
42,ADILA
43,ADILIANE
44,ADILSON
45,ADILSON
46,ADILSON
47,ADILSON
48,ADIR
49,ADJA
50,ADLAREG
51,ADLEY
52,ADNA
53,ADRIAN
54,ADRIANA
55,ADRIANA
56,ADRIANA
57,ADRIANA
58,ADRIANA
59,ADRIANA
60,ADRIANA
61,ADRIANA
62,ADRIANA
63,ADRIANA
64,ADRIANA
65,ADRIANA
66,ADRIANA
67,ADRIANA
68,ADRIANA
69,ADRIANA
70,ADRIANA
71,ADRIANA
72,ADRIANA
73,ADRIANA
74,ADRIANA
75,ADRIANA
76,ADRIANA
77,ADRIANA
78,ADRIANA
79,ADRIANE
80,ADRIANE
81,ADRIANE
82,ADRIANNE
83,ADRIANO
84,ADRIANO
85,ADRIANO
86,ADRIANO
87,ADRIANO
88,ADRIANO
89,ADRIANO
90,ADRIANO
91,ADRIANO
92,ADRIANO
93,ADRIANO
94,ADRIANO
95,ADRIANO
96,ADRIANO
97,ADRIANO
98,ADRIANO
99,ADRIANO
100,ADRIANO
101,ADRIAO
102,ADRIAO
103,ADSON
104,ADSON
105,AFONSO
106,AFONSO
107,AFONSO
108,AFRANIO
109,AFRANIO
110,AGAMENON
111,AGDA
112,AGNALDO
113,AGNES
114,AGOSTINHO
115,AGOSTINHO
116,AGUINALDO
117,AILTON
118,AILTON
119,AILTON
120,AILTON
121,AIRAN
122,AIRTON
123,AIRTON
124,AIRTON
125,AIRTON
126,AIRTON
127,AISLANIA
128,AISSA
129,AKALINE
130,ALAN
131,ALAN
132,ALAN
133,ALAN
134,ALANA
135,ALANA
136,ALANA
137,ALANA
138,ALANE
139,ALANE
140,ALANNA
141,ALBA
142,ALBANYRA
143,ALBERTO
144,ALBERTO
145,ALBERTO
146,ALBIMAR
147,ALBIMAR
148,ALCIDES
149,ALCILEA
150,ALCILEIA
151,ALCIO
152,ALCIONE
153,ALCIVAN
154,ALDA
155,ALDACI
156,ALDAIR
157,ALDAYR
158,ALDENOR
159,ALDO
160,ALDO
161,ALDO
162,ALDO
163,ALDOMAR
164,ALEKSANDR
165,ALESSANDRA
166,ALESSANDRA
167,ALESSANDRA
168,ALESSANDRA
169,ALESSANDRA
170,ALESSANDRA
171,ALESSANDRA
172,ALESSANDRA
173,ALESSANDRO
174,ALESSANDRO
175,ALESSANDRO
176,ALESSANDRO
177,ALEX
178,ALEX
179,ALEX
180,ALEX
181,ALEX
182,ALEX
183,ALEX
184,ALEX
185,ALEX
186,ALEX
187,ALEX
188,ALEX
189,ALEX
190,ALEX
191,ALEXANDRE
192,ALEXANDRE
193,ALEXANDRE
194,ALEXANDRE
195,ALEXANDRE
196,ALEXANDRE
197,ALEXANDRE
198,ALEXANDRE
199,ALEXANDRE
200,ALEXANDRE
201,ALEXANDRE
202,ALEXANDRE
203,ALEXANDRE
204,ALEXANDRE
205,ALEXANDRE
206,ALEXANDRE
207,ALEXANDRE
208,ALEXANDRE
209,ALEXANDRE
210,ALEXANDRE
211,ALEXANDRE
212,ALEXANDRE
213,ALEXANDRE
214,ALEXANDRE
215,ALEXANDRE
216,ALEXANDRE
217,ALEXANDRE
218,ALEXANDRE
219,ALEXANDRO
220,ALEXANDRO
221,ALEXANDRO
222,ALEXEY
223,ALEXIA
224,ALEXSANDRA
225,ALEXSANDRO
226,ALEXSANDRO
227,ALEXSANDRO
228,ALEXSANDRO
229,ALEXSANDRO
230,ALIANDA
231,ALIANI
232,ALICE
233,ALINE
234,ALINE
235,ALINE
236,ALINE
237,ALINE
238,ALINE
239,ALINE
240,ALINE
241,ALINE
242,ALINE
243,ALINE
244,ALINE
245,ALINE
246,ALINE
247,ALINE
248,ALINE
249,ALINE
250,ALINE
251,ALINE
252,ALINE
253,ALINE
254,ALIPIO
255,ALISSON
256,ALISSON
257,ALLAN
258,ALLAN
259,ALLAN
260,ALLYNE
261,ALLYNE
262,ALLYSON
263,ALLYSON
264,ALMAN
265,ALMARIA
266,ALMIR
267,ALMIR
268,ALMIR
269,ALTAIVA
270,ALTENIR
271,ALUISIO
272,ALUIZIO
273,ALUIZIO
274,ALVARO
275,ALVARO
276,ALVARO
277,ALVARO
278,ALVARO
279,ALVARO
280,ALVARO
281,ALVARO
282,ALVESSENA
283,ALYNE
284,ALYNE
285,ALYSON
286,ALZENI
287,ALZIRA
288,ALZIVANY
289,AMADJA
290,AMALUSIA
291,AMANDA
292,AMANDA
293,AMANDA
294,AMANDA
295,AMANDA
296,AMANDA
297,AMANDA
298,AMANDA
299,AMANDA
300,AMANDA
301,AMANDA
302,AMANDA
303,AMANDA
304,AMANDA
305,AMANDA
306,AMANDA
307,AMANDA
308,AMANDDA
309,AMANDY
310,AMANTINO
311,AMARILDO
312,AMARINO
313,AMARO
314,AMARO
315,AMAURI
316,AMELIA
317,AMELIA
318,AMILSON
319,AMIRIA
320,AMON
321,AMOYSA
322,ANA
323,ANA
324,ANA
325,ANA
326,ANA
327,ANA
328,ANA
329,ANA
330,ANA
331,ANA
332,ANA
333,ANA
334,ANA
335,ANA
336,ANA
337,ANA
338,ANA
339,ANA
340,ANA
341,ANA
342,ANA
343,ANA
344,ANA
345,ANA
346,ANA
347,ANA
348,ANA
349,ANA
350,ANA
351,ANA
352,ANA
353,ANA
354,ANA
355,ANA
356,ANA
357,ANA
358,ANA
359,ANA
360,ANA
361,ANA
362,ANA
363,ANA
364,ANA
365,ANA
366,ANA
367,ANA
368,ANA
369,ANA
370,ANA
371,ANA
372,ANA
373,ANA
374,ANA
375,ANA
376,ANA
377,ANA
378,ANA
379,ANA
380,ANA
381,ANA
382,ANA
383,ANA
384,ANA
385,ANA
386,ANA
387,ANA
388,ANA
389,ANA
390,ANA
391,ANA
392,ANA
393,ANA
394,ANA
395,ANA
396,ANA
397,ANA
398,ANA
399,ANA
400,ANA
401,ANA
402,ANA
403,ANA
404,ANA
405,ANA
406,ANA
407,ANA
408,ANA
409,ANA
410,ANA
411,ANA
412,ANA
413,ANA
414,ANA
415,ANA
416,ANA
417,ANA
418,ANA
419,ANA
420,ANA
421,ANA
422,ANA
423,ANA
424,ANA
425,ANA
426,ANA
427,ANA
428,ANA
429,ANA
430,ANA
431,ANA
432,ANA
433,ANA
434,ANA
435,ANA
436,ANA
437,ANA
438,ANA
439,ANAILSON
440,ANAIR
441,ANAISA
442,ANAJULIA
443,ANALICE
444,ANASTACIA
445,ANATALIA
446,ANAYSI
447,ANDERSON
448,ANDERSON
449,ANDERSON
450,ANDERSON
451,ANDERSON
452,ANDERSON
453,ANDERSON
454,ANDERSON
455,ANDERSON
456,ANDERSON
457,ANDERSON
458,ANDERSON
459,ANDERSON
460,ANDERSON
461,ANDERSON
462,ANDERSON
463,ANDERSON
464,ANDERSON
465,ANDERSON
466,ANDERSON
467,ANDERSON
468,ANDERSONN
469,ANDIARA
470,ANDIERISON
471,ANDRE
472,ANDRE
473,ANDRE
474,ANDRE
475,ANDRE
476,ANDRE
477,ANDRE
478,ANDRE
479,ANDRE
480,ANDRE
481,ANDRE
482,ANDRE
483,ANDRE
484,ANDRE
485,ANDRE
486,ANDRE
487,ANDRE
488,ANDRE
489,ANDRE
490,ANDRE
491,ANDRE
492,ANDRE
493,ANDRE
494,ANDRE
495,ANDRE
496,ANDRE
497,ANDRE
498,ANDRE
499,ANDRE
500,ANDRE
501,ANDRE
502,ANDRE
503,ANDRE
504,ANDRE
505,ANDRE
506,ANDREA
507,ANDREA
508,ANDREA
509,ANDREA
510,ANDREA
511,ANDREA
512,ANDREA
513,ANDREA
514,ANDREA
515,ANDREA
516,ANDREA
517,ANDREA
518,ANDREA
519,ANDREA
520,ANDREA
521,ANDREA
522,ANDREA
523,ANDREA
524,ANDREA
525,ANDREA
526,ANDREA
527,ANDREIA
528,ANDREIA
529,ANDREIA
530,ANDREIA
531,ANDREIA
532,ANDREISSA
533,ANDREO
534,ANDRES
535,ANDRESA
536,ANDRESSA
537,ANDRESSA
538,ANDRESSA
539,ANDRESSA
540,ANDRESSA
541,ANDRETTI
542,ANDREY
543,ANDREY
544,ANDREZA
545,ANDREZA
546,ANDREZA
547,ANDREZA
548,ANDREZZA
549,ANE
550,ANE
551,ANEIDE
552,ANELINO
553,ANELISE
554,ANELLYSA
555,ANETE
556,ANGELA
557,ANGELA
558,ANGELA
559,ANGELA
560,ANGELA
561,ANGELA
562,ANGELA
563,ANGELA
564,ANGELA
565,ANGELA
566,ANGELA
567,ANGELA
568,ANGELA
569,ANGELAMARIA
570,ANGELICA
571,ANGELICA
572,ANGELICA
573,ANGELICA
574,ANGELICA
575,ANGELIKE
576,ANGELO
577,ANGELO
578,ANGELO
579,ANGELO
580,ANGELO
581,ANIBAL
582,ANILZA
583,ANNA
584,ANNA
585,ANNA
586,ANNA
587,ANNA
588,ANNA
589,ANNA
590,ANNA
591,ANNA
592,ANNA
593,ANNA
594,ANNAMARIA
595,ANNE
596,ANNE
597,ANNE
598,ANNE
599,ANNE
600,ANNE
601,ANNICK
602,ANNY
603,ANTHONY
604,ANTOINETTE
605,ANTONIA
606,ANTONIA
607,ANTONIA
608,ANTONIA
609,ANTONIA
610,ANTONIELLI
611,ANTONINO
612,ANTONIO
613,ANTONIO
614,ANTONIO
615,ANTONIO
616,ANTONIO
617,ANTONIO
618,ANTONIO
619,ANTONIO
620,ANTONIO
621,ANTONIO
622,ANTONIO
623,ANTONIO
624,ANTONIO
625,ANTONIO
626,ANTONIO
627,ANTONIO
628,ANTONIO
629,ANTONIO
630,ANTONIO
631,ANTONIO
632,ANTONIO
633,ANTONIO
634,ANTONIO
635,ANTONIO
636,ANTONIO
637,ANTONIO
638,ANTONIO
639,ANTONIO
640,ANTONIO
641,ANTONIO
642,ANTONIO
643,ANTONIO
644,ANTONIO
645,ANTONIO
646,ANTONIO
647,ANTONIO
648,ANTONIO
649,ANTONIO
650,ANTONIO
651,ANTONIO
652,ANTONIO
653,ANTONIO
654,ANTONIO
655,ANTONIO
656,ANTONIO
657,ANTONIO
658,ANTONIO
659,ANTONIO
660,ANTONIO
661,ANTONIO
662,ANTONIO
663,ANTONIO
664,ANTONIO
665,ANTONIO
666,ANTONIO
667,ANTONIO
668,ANTONIO
669,ANTONIO
670,ANTONIO
671,ANTONIONI
672,ANTONNYO
673,ANUSKA
674,ANY
675,APOLINO
676,APUENA
677,AQUILES
678,ARAKEN
679,ARAMIS
680,ARETHE
681,ARGEU
682,ARI
683,ARIADNE
684,ARIANE
685,ARIANO
686,ARINALDO
687,ARISTON
688,ARISTOTELINA
689,ARISTOTELINO
690,ARIVALDO
691,ARKADY
692,ARLAN
693,ARLENE
694,ARLETE
695,ARLETE
696,ARLINDA
697,ARLINDO
698,ARLINDO
699,ARMANDO
700,ARMANDO
701,ARNALDO
702,ARNALDO
703,ARNALDO
704,ARNALDO
705,ARNAUD
706,ARNOBIO
707,ARNOBIO
708,ARRHENIUS
709,ARRILTON
710,ARRISON
711,ARTEJOSE
712,ARTEMISIA
713,ARTHUR
714,ARTHUR
715,ARTHUR
716,ARTHUR
717,ARTHUR
718,ARTHUR
719,ARTHUR
720,ARTHUR
721,ARTHUR
722,ARTUR
723,ARTUR
724,ARTUR
725,ARTUR
726,ARTUR
727,ARTUR
728,ARTUR
729,ARYELLE
730,ASKERY
731,ATELMO
732,ATHANASIOS
733,AUDINEZ
734,AUGUSTO
735,AUGUSTO
736,AUGUSTO
737,AUGUSTO
738,AUGUSTO
739,AUNIEBSON
740,AUREA
741,AUREA
742,AURELIO
743,AURIGENA
744,AURINO
745,AUTA
746,AUXINILDO
747,AUZELIVIA
748,AVANDO
749,AVELINO
750,AVERLANDIO
751,AYLANA
752,AYLENE
753,AYSLA
754,AZEMAR
755,BARBARA
756,BARBARA
757,BARBARA
758,BARBARA
759,BARBARA
760,BARBARA
761,BARBARA
762,BARBARA
763,BARBARA
764,BARBARA
765,BARBARA
766,BARNORA
767,BARTIRA
768,BARTOLOMEU
769,BEATRIZ
770,BEATRIZ
771,BEATRIZ
772,BEATRIZ
773,BEATRIZ
774,BEETHOVEN
775,BENEDITO
776,BENEDITO
777,BENEDITO
778,BENJAMIN
779,BENTO
780,BENTO
781,BERENICE
782,BERGSON
783,BERNADETE
784,BERNADETE
785,BERNARDINO
786,BETANIA
787,BETANIA
788,BETINA
789,BETTINA
790,BIANCA
791,BIANCA
792,BIANCA
793,BISMARCK
794,BONIEK
795,BORIS
796,BRAULIO
797,BRAULIO
798,BRAZ
799,BRENA
800,BRENDA
801,BRENDA
802,BRENNO
803,BRENO
804,BRENO
805,BRENO
806,BRENO
807,BRENO
808,BRENO
809,BRENO
810,BRENO
811,BRUCE
812,BRUMA
813,BRUNA
814,BRUNA
815,BRUNA
816,BRUNA
817,BRUNA
818,BRUNILLA
819,BRUNNA
820,BRUNNA
821,BRUNO
822,BRUNO
823,BRUNO
824,BRUNO
825,BRUNO
826,BRUNO
827,BRUNO
828,BRUNO
829,BRUNO
830,BRUNO
831,BRUNO
832,BRUNO
833,BRUNO
834,BRUNO
835,BRUNO
836,BRUNO
837,BRUNO
838,BRUNO
839,BRUNO
840,BRUNO
841,BRUNO
842,BRUNO
843,BRUNO
844,BRUNO
845,BRUNO
846,BRUNO
847,BRUNO
848,BRUNO
849,BRUNO
850,BRUNO
851,BRUNO
852,BRUNO
853,BRUNO
854,CAIO
855,CAIO
856,CAIO
857,CAIO
858,CAIO
859,CAIO
860,CAIO
861,CAIO
862,CALEBE
863,CAMILA
864,CAMILA
865,CAMILA
866,CAMILA
867,CAMILA
868,CAMILA
869,CAMILA
870,CAMILA
871,CAMILA
872,CAMILA
873,CAMILA
874,CAMILA
875,CAMILA
876,CAMILA
877,CAMILO
878,CAMILO
879,CANDICE
880,CANDIDA
881,CANDIDA
882,CANDYCE
883,CARINA
884,CARINA
885,CARLA
886,CARLA
887,CARLA
888,CARLA
889,CARLA
890,CARLA
891,CARLA
892,CARLA
893,CARLA
894,CARLA
895,CARLA
896,CARLA
897,CARLA
898,CARLA
899,CARLA
900,CARLA
901,CARLOS
902,CARLOS
903,CARLOS
904,CARLOS
905,CARLOS
906,CARLOS
907,CARLOS
908,CARLOS
909,CARLOS
910,CARLOS
911,CARLOS
912,CARLOS
913,CARLOS
914,CARLOS
915,CARLOS
916,CARLOS
917,CARLOS
918,CARLOS
919,CARLOS
920,CARLOS
921,CARLOS
922,CARLOS
923,CARLOS
924,CARLOS
925,CARLOS
926,CARLOS
927,CARLOS
928,CARLOS
929,CARLOS
930,CARLOS
931,CARLOS
932,CARLOS
933,CARLOS
934,CARLOS
935,CARLOS
936,CARLOS
937,CARLOS
938,CARLOS
939,CARLOS
940,CARLOS
941,CARLOS
942,CARLOS
943,CARLOS
944,CARLOS
945,CARLOS
946,CARLOS
947,CARLOS
948,CARLOS
949,CARLOS
950,CARLOS
951,CARLOS
952,CARLOS
953,CARLOS
954,CARLOS
955,CARLOS
956,CARLOS
957,CARLOS
958,CARLOS
959,CARLOS
960,CARLOS
961,CARLOS
962,CARLOS
963,CARLOS
964,CARLSON
965,CARMEM
966,CARMEN
967,CARMEN
968,CARMO
969,CAROLINA
970,CAROLINA
971,CAROLINA
972,CAROLINA
973,CAROLINA
974,CAROLINA
975,CAROLINA
976,CAROLINA
977,CAROLINE
978,CAROLINE
979,CAROLINE
980,CAROLINE
981,CAROLINE
982,CAROLINE
983,CAROLINE
984,CASIO
985,CASSANDRA
986,CASSANDRA
987,CASSIA
988,CASSIA
989,CASSIANO
990,CASSIO
991,CASSIO
992,CASSIO
993,CATARINA
994,CATARINA
995,CATHIA
996,CATIANE
997,CECILIA
998,CECILIA
999,CECILIA
1000,CECILIA
1001,CECILIA
1002,CELCIMAR
1003,CELIA
1004,CELIA
1005,CELIA
1006,CELIA
1007,CELIA
1008,CELIA
1009,CELIA
1010,CELIA
1011,CELIA
1012,CELIMAR
1013,CELIO
1014,CELIO
1015,CELITA
1016,CELLINA
1017,CELSO
1018,CELSO
1019,CESAR
1020,CESAR
1021,CESAR
1022,CESAR
1023,CEZAR
1024,CHARLES
1025,CHARLES
1026,CHARLES
1027,CHENG
1028,CHIANC
1029,CHRISTIANE
1030,CHRISTIANE
1031,CHRISTIANNE
1032,CHRISTIANNE
1033,CHRISTINA
1034,CHRISTOMYSLLEY
1035,CIBELE
1036,CIBELE
1037,CIBELE
1038,CIBELLE
1039,CICERA
1040,CICERO
1041,CICERO
1042,CICERO
1043,CICERO
1044,CICERO
1045,CICERO
1046,CICERO
1047,CICERO
1048,CICERO
1049,CICLAMIO
1050,CID
1051,CIJARA
1052,CILIANA
1053,CIMONE
1054,CINARA
1055,CINARA
1056,CINTHYA
1057,CINTIA
1058,CINTIA
1059,CINTIA
1060,CINTIA
1061,CIPRIANO
1062,CIRINEU
1063,CIRLENE
1064,CIRO
1065,CLARA
1066,CLARA
1067,CLARIANA
1068,CLARICE
1069,CLARISSA
1070,CLARISSA
1071,CLAUBERTO
1072,CLAUDE
1073,CLAUDIA
1074,CLAUDIA
1075,CLAUDIA
1076,CLAUDIA
1077,CLAUDIA
1078,CLAUDIA
1079,CLAUDIA
1080,CLAUDIA
1081,CLAUDIA
1082,CLAUDIA
1083,CLAUDIA
1084,CLAUDIA
1085,CLAUDIANA
1086,CLAUDIANE
1087,CLAUDIANNY
1088,CLAUDIO
1089,CLAUDIO
1090,CLAUDIO
1091,CLAUDIO
1092,CLAUDIO
1093,CLAUDIO
1094,CLAUDIO
1095,CLAUDIO
1096,CLAUDIO
1097,CLAUDIO
1098,CLAUDIO
1099,CLAUDIO
1100,CLAUDIO
1101,CLAUDIO
1102,CLAUDIONOR
1103,CLAYTON
1104,CLEA
1105,CLEANTO
1106,CLEANTO
1107,CLEBER
1108,CLEBIA
1109,CLEBIA
1110,CLEBSON
1111,CLECIA
1112,CLECIO
1113,CLEDIANE
1114,CLEIA
1115,CLEIDE
1116,CLEIDE
1117,CLEIDE
1118,CLEITON
1119,CLELIA
1120,CLELIA
1121,CLEMENTINO
1122,CLEMILDES
1123,CLEMILTON
1124,CLENILSON
1125,CLEOMARA
1126,CLEONICE
1127,CLEONICE
1128,CLESIO
1129,CLEVELAND
1130,CLICERIO
1131,CLIMERIO
1132,CLODOALDO
1133,CLODOALDO
1134,CLODOMIRO
1135,CLOVIS
1136,CONCEICAO
1137,CORDELIA
1138,COSME
1139,COSME
1140,CREUZA
1141,CRISDAVID
1142,CRISLANE
1143,CRISLUCI
1144,CRISTHIANNE
1145,CRISTIANA
1146,CRISTIANE
1147,CRISTIANE
1148,CRISTIANE
1149,CRISTIANE
1150,CRISTIANE
1151,CRISTIANE
1152,CRISTIANE
1153,CRISTIANE
1154,CRISTIANE
1155,CRISTIANE
1156,CRISTIANNE
1157,CRISTIANO
1158,CRISTIANO
1159,CRISTINA
1160,CRISTINA
1161,CRISTOVAM
1162,CUSTODIO
1163,CYBELE
1164,CYNARA
1165,CYNARA
1166,CYNTHIA
1167,CYNTHIA
1168,DACIFRAN
1169,DAGMAR
1170,DAGMAR
1171,DAISE
1172,DAISY
1173,DALIANE
1174,DALILA
1175,DALINE
1176,DALTON
1177,DALVA
1178,DALVANEIDE
1179,DALVANI
1180,DALVANIR
1181,DALYANA
1182,DAMARES
1183,DAMASCENO
1184,DAMIANA
1185,DAMIAO
1186,DAMIAO
1187,DAMIAO
1188,DANDARA
1189,DANDIVA
1190,DANIEL
1191,DANIEL
1192,DANIEL
1193,DANIEL
1194,DANIEL
1195,DANIEL
1196,DANIEL
1197,DANIEL
1198,DANIEL
1199,DANIEL
1200,DANIEL
1201,DANIEL
1202,DANIEL
1203,DANIEL
1204,DANIEL
1205,DANIEL
1206,DANIEL
1207,DANIEL
1208,DANIEL
1209,DANIEL
1210,DANIEL
1211,DANIEL
1212,DANIEL
1213,DANIEL
1214,DANIEL
1215,DANIEL
1216,DANIEL
1217,DANIEL
1218,DANIEL
1219,DANIEL
1220,DANIEL
1221,DANIEL
1222,DANIEL
1223,DANIEL
1224,DANIEL
1225,DANIELA
1226,DANIELA
1227,DANIELA
1228,DANIELA
1229,DANIELE
1230,DANIELE
1231,DANIELE
1232,DANIELE
1233,DANIELE
1234,DANIELE
1235,DANIELE
1236,DANIELLA
1237,DANIELLA
1238,DANIELLE
1239,DANIELLE
1240,DANIELLE
1241,DANIELLE
1242,DANIELLE
1243,DANIELLE
1244,DANIELLE
1245,DANIELSON
1246,DANILLO
1247,DANILO
1248,DANILO
1249,DANILO
1250,DANILO
1251,DANILO
1252,DANILO
1253,DANILO
1254,DANILO
1255,DANNIELLY
1256,DANUZIA
1257,DANY
1258,DARCI
1259,DARLAN
1260,DARLAN
1261,DARLENE
1262,DARLIO
1263,DAVI
1264,DAVI
1265,DAVI
1266,DAVI
1267,DAVID
1268,DAVID
1269,DAVID
1270,DAVID
1271,DAVID
1272,DAVID
1273,DAVID
1274,DAVID
1275,DAVID
1276,DAVITON
1277,DAX
1278,DAYANE
1279,DAYANNE
1280,DAYANY
1281,DAYENNE
1282,DAYHENNI
1283,DAYSE
1284,DAYSE
1285,DEBORA
1286,DEBORA
1287,DEBORA
1288,DEBORA
1289,DEBORA
1290,DEBORA
1291,DEBORA
1292,DEBORA
1293,DEBORA
1294,DEBORA
1295,DEBORA
1296,DEBORA
1297,DEBORAH
1298,DEBORAH
1299,DEBORAH
1300,DEBORAH
1301,DEIBI
1302,DEILSON
1303,DEIVEDY
1304,DEJADIERE
1305,DELANDO
1306,DELANE
1307,DELIANNE
1308,DELIO
1309,DELSON
1310,DENILSON
1311,DENIS
1312,DENIS
1313,DENISE
1314,DENISE
1315,DENISE
1316,DENISE
1317,DENISE
1318,DENISIO
1319,DENISON
1320,DENIZE
1321,DENNIS
1322,DENNYS
1323,DENYSON
1324,DERISCLEIA
1325,DERIVALDO
1326,DESIO
1327,DEUSA
1328,DEUSDEDIT
1329,DEUSIMAR
1330,DEUZA
1331,DEVANI
1332,DEYSE
1333,DIANA
1334,DIANA
1335,DIANA
1336,DIANA
1337,DIANA
1338,DICKSON
1339,DIEGO
1340,DIEGO
1341,DIEGO
1342,DIEGO
1343,DIEGO
1344,DIEGO
1345,DIEGO
1346,DIEGO
1347,DIEGO
1348,DIEGO
1349,DIEGO
1350,DIEGO
1351,DIEGO
1352,DIEGO
1353,DIEGO
1354,DIEGO
1355,DIEGO
1356,DIEGO
1357,DIEGO
1358,DIEGO
1359,DIEGO
1360,DILIAN
1361,DIMITRE
1362,DIMITRI
1363,DINAH
1364,DINARA
1365,DINARA
1366,DINARA
1367,DINARTE
1368,DINARTE
1369,DINO
1370,DIOGENES
1371,DIOGO
1372,DIOGO
1373,DIOGO
1374,DIOGO
1375,DIOGO
1376,DIOGO
1377,DIOGO
1378,DIOGO
1379,DIOMADSON
1380,DIONE
1381,DJAILDE
1382,DJAILSON
1383,DJALMA
1384,DJALMA
1385,DJALMA
1386,DJANNI
1387,DMITRY
1388,DOMINGOS
1389,DOMINIQUE
1390,DOMINIQUE
1391,DONALIA
1392,DORGIVAL
1393,DORY
1394,DOUGLAS
1395,DOUGLAS
1396,DRAULIO
1397,DULCE
1398,DULCINEIDE
1399,DURVAL
1400,DURVAL
1401,DYEGO
1402,DYNARA
1403,EBERTON
1404,EDESIO
1405,EDGAR
1406,EDGAR
1407,EDGAR
1408,EDGARD
1409,EDGARD
1410,EDIANA
1411,EDILEIDE
1412,EDILENE
1413,EDILEUZA
1414,EDILMA
1415,EDILMA
1416,EDILMA
1417,EDILSON
1418,EDILSON
1419,EDILSON
1420,EDILSON
1421,EDILSON
1422,EDILSON
1423,EDILSON
1424,EDILSON
1425,EDILSON
1426,EDILZA
1427,EDIMAR
1428,EDINEIDE
1429,EDIPO
1430,EDIVAL
1431,EDIVALDO
1432,EDIVAN
1433,EDIVAN
1434,EDJA
1435,EDJANE
1436,EDJANE
1437,EDLA
1438,EDLUCIA
1439,EDMILSON
1440,EDMILSON
1441,EDMILSON
1442,EDMILSON
1443,EDMILSON
1444,EDMILSON
1445,EDMILSON
1446,EDMILSON
1447,EDMILSON
1448,EDNA
1449,EDNA
1450,EDNA
1451,EDNA
1452,EDNA
1453,EDNA
1454,EDNA
1455,EDNALDO
1456,EDNALDO
1457,EDNEIDE
1458,EDNEY
1459,EDNOR
1460,EDRIENE
1461,EDSON
1462,EDSON
1463,EDSON
1464,EDSON
1465,EDSON
1466,EDSON
1467,EDSON
1468,EDSON
1469,EDSON
1470,EDSON
1471,EDSON
1472,EDSON
1473,EDSON
1474,EDSON
1475,EDU
1476,EDUARDA
1477,EDUARDA
1478,EDUARDO
1479,EDUARDO
1480,EDUARDO
1481,EDUARDO
1482,EDUARDO
1483,EDUARDO
1484,EDUARDO
1485,EDUARDO
1486,EDUARDO
1487,EDUARDO
1488,EDUARDO
1489,EDUARDO
1490,EDUARDO
1491,EDUARDO
1492,EDUARDO
1493,EDUARDO
1494,EDUARDO
1495,EDUARDO
1496,EDUARDO
1497,EDUARDO
1498,EDUARDO
1499,EDUARDO
1500,EDUARDO
1501,EDUARDO
1502,EDUARDO
1503,EDUARDO
1504,EDUARDO
1505,EDUARDO
1506,EDVALDO
1507,EDVALDO
1508,EDY
1509,EDZANA
1510,EFRAIN
1511,EGMAR
1512,EIDER
1513,EIJI
1514,EINSTEIN
1515,ELAINE
1516,ELAINE
1517,ELAINE
1518,ELAINE
1519,ELAINE
1520,ELAINE
1521,ELAINE
1522,ELAINE
1523,ELAINE
1524,ELAINE
1525,ELAINE
1526,ELAINE
1527,ELAINE
1528,ELANIA
1529,ELAYNNE
1530,ELBA
1531,ELDA
1532,ELDER
1533,ELEDIR
1534,ELEN
1535,ELEN
1536,ELENA
1537,ELEONORA
1538,ELIANA
1539,ELIANA
1540,ELIANA
1541,ELIANA
1542,ELIANA
1543,ELIANE
1544,ELIANE
1545,ELIANE
1546,ELIANE
1547,ELIANE
1548,ELIANE
1549,ELIANE
1550,ELIANE
1551,ELIANE
1552,ELIANE
1553,ELIANE
1554,ELIANE
1555,ELIAS
1556,ELIAS
1557,ELIAS
1558,ELIAS
1559,ELIAS
1560,ELIAS
1561,ELIDETE
1562,ELIDIEL
1563,ELIEDSON
1564,ELIELSA
1565,ELIENE
1566,ELIENE
1567,ELIENICE
1568,ELIESER
1569,ELIETE
1570,ELIEZER
1571,ELIEZER
1572,ELIGIO
1573,ELIKASSYA
1574,ELINEI
1575,ELINEIA
1576,ELINETE
1577,ELIOMAR
1578,ELIONE
1579,ELISA
1580,ELISAMA
1581,ELISANDRA
1582,ELISANGELA
1583,ELISANGELA
1584,ELISANGELA
1585,ELISANGELA
1586,ELISANIE
1587,ELISETE
1588,ELISIO
1589,ELISSA
1590,ELIZA
1591,ELIZA
1592,ELIZABEL
1593,ELIZABETE
1594,ELIZABETE
1595,ELIZABETE
1596,ELIZABETH
1597,ELIZABETH
1598,ELIZABETH
1599,ELIZABETH
1600,ELIZABETH
1601,ELIZABETH
1602,ELIZABETH
1603,ELIZABETHE
1604,ELIZANE
1605,ELIZANGELA
1606,ELIZEU
1607,ELIZEU
1608,ELKA
1609,ELKE
1610,ELLEN
1611,ELLEN
1612,ELLEN
1613,ELMAR
1614,ELMO
1615,ELOISA
1616,ELOISE
1617,ELSON
1618,ELSON
1619,ELTON
1620,ELVIS
1621,ELZA
1622,EMANOEL
1623,EMANOEL
1624,EMANOEL
1625,EMANUEL
1626,EMANUEL
1627,EMANUEL
1628,EMANUEL
1629,EMANUELA
1630,EMANUELA
1631,EMANUELE
1632,EMANUELLA
1633,EMANUELLE
1634,EMELIE
1635,EMERSON
1636,EMERSON
1637,EMERSON
1638,EMERSON
1639,EMERSON
1640,EMERSON
1641,EMERSON
1642,EMIDIO
1643,EMILI
1644,EMILY
1645,EMMANUELLE
1646,ENEAS
1647,ENEIDA
1648,ENGELS
1649,ENILDO
1650,ENILSON
1651,ENIO
1652,ENIO
1653,ENOLEIDE
1654,EPIFANIO
1655,ERANILSON
1656,ERIAMA
1657,ERICA
1658,ERICA
1659,ERICA
1660,ERICA
1661,ERICA
1662,ERICA
1663,ERICA
1664,ERICA
1665,ERICK
1666,ERICK
1667,ERICKA
1668,ERICKA
1669,ERICKA
1670,ERICKINSON
1671,ERICO
1672,ERICO
1673,ERIDA
1674,ERIDJA
1675,ERIK
1676,ERIK
1677,ERIKA
1678,ERIKA
1679,ERIKA
1680,ERIKA
1681,ERIKA
1682,ERIKA
1683,ERIKA
1684,ERIKA
1685,ERIKA
1686,ERIKA
1687,ERIKA
1688,ERIKA
1689,ERIKSON
1690,ERINALDO
1691,ERIVALDO
1692,ERIVAN
1693,ERIVAN
1694,ERIVAN
1695,ERIVAN
1696,ERMELINDA
1697,ERMETON
1698,ERMINIO
1699,ERNANDE
1700,ERONILSON
1701,EROTILDES
1702,ERYVALDO
1703,ESDRAS
1704,ESEQUIAS
1705,ESMERALUCIA
1706,ESON
1707,ESTELA
1708,ESTHEPHANIA
1709,ESTHER
1710,EUDENILSON
1711,EUDIONE
1712,EUGENIA
1713,EUGENIA
1714,EUGENIA
1715,EUGENIO
1716,EUGENIO
1717,EUGENIO
1718,EULALIA
1719,EULER
1720,EUNADIA
1721,EUNICE
1722,EUNICE
1723,EURICO
1724,EURIDES
1725,EURISTANIA
1726,EUSAMAR
1727,EUZEBIA
1728,EUZEBIO
1729,EVA
1730,EVALDO
1731,EVANDRO
1732,EVANDRO
1733,EVANE
1734,EVANS
1735,EVANUCIA
1736,EVE
1737,EVELINE
1738,EVERALDO
1739,EVERALDO
1740,EVERALDO
1741,EVERARDO
1742,EVERTON
1743,EVERTON
1744,EVERTON
1745,EVERTON
1746,EVILAZIO
1747,EWERTON
1748,EWERTON
1749,EWERTON
1750,EXPEDITO
1751,EXPEDITO
1752,EZEQUIAS
1753,EZEQUIEL
1754,FABIA
1755,FABIA
1756,FABIAN
1757,FABIANA
1758,FABIANA
1759,FABIANA
1760,FABIANA
1761,FABIANA
1762,FABIANA
1763,FABIANA
1764,FABIANA
1765,FABIANA
1766,FABIANA
1767,FABIANA
1768,FABIANE
1769,FABIANO
1770,FABIANO
1771,FABIANO
1772,FABIANO
1773,FABIANO
1774,FABIANO
1775,FABIO
1776,FABIO
1777,FABIO
1778,FABIO
1779,FABIO
1780,FABIO
1781,FABIO
1782,FABIO
1783,FABIO
1784,FABIO
1785,FABIO
1786,FABIO
1787,FABIO
1788,FABIO
1789,FABIO
1790,FABIO
1791,FABIO
1792,FABIO
1793,FABIO
1794,FABIO
1795,FABIO
1796,FABIOLA
1797,FABIOLA
1798,FABIOLA
1799,FABIOLA
1800,FABIOLA
1801,FABRICIA
1802,FABRICIA
1803,FABRICIO
1804,FABRICIO
1805,FABRICIO
1806,FABRICIO
1807,FABRICIO
1808,FABRICIO
1809,FAGNER
1810,FAGNER
1811,FATIMA
1812,FEDERICO
1813,FELIPE
1814,FELIPE
1815,FELIPE
1816,FELIPE
1817,FELIPE
1818,FELIPE
1819,FELIPE
1820,FELIPE
1821,FELIPE
1822,FELIPE
1823,FELIPE
1824,FELIPE
1825,FELIPE
1826,FELIPE
1827,FELIPE
1828,FELISMINO
1829,FELIX
1830,FELLIPE
1831,FELLIPE
1832,FERDINAND
1833,FERNANDA
1834,FERNANDA
1835,FERNANDA
1836,FERNANDA
1837,FERNANDA
1838,FERNANDA
1839,FERNANDA
1840,FERNANDA
1841,FERNANDA
1842,FERNANDA
1843,FERNANDA
1844,FERNANDA
1845,FERNANDA
1846,FERNANDA
1847,FERNANDA
1848,FERNANDA
1849,FERNANDA
1850,FERNANDA
1851,FERNANDA
1852,FERNANDA
1853,FERNANDA
1854,FERNANDA
1855,FERNANDA
1856,FERNANDA
1857,FERNANDO
1858,FERNANDO
1859,FERNANDO
1860,FERNANDO
1861,FERNANDO
1862,FERNANDO
1863,FERNANDO
1864,FERNANDO
1865,FERNANDO
1866,FERNANDO
1867,FERNANDO
1868,FERNANDO
1869,FERNANDO
1870,FERNANDO
1871,FERNANDO
1872,FERNANDO
1873,FERNANDO
1874,FERNANDO
1875,FERNANDO
1876,FERNANDO
1877,FERNANDO
1878,FERNANDO
1879,FERNANDO
1880,FERNANDO
1881,FERNANDO
1882,FIDEL
1883,FILIPE
1884,FILIPE
1885,FILIPE
1886,FIVIA
1887,FLADJANY
1888,FLAUBER
1889,FLAUBERT
1890,FLAVIA
1891,FLAVIA
1892,FLAVIA
1893,FLAVIA
1894,FLAVIA
1895,FLAVIA
1896,FLAVIANA
1897,FLAVIANE
1898,FLAVIANE
1899,FLAVIERY
1900,FLAVIO
1901,FLAVIO
1902,FLAVIO
1903,FLAVIO
1904,FLAVIO
1905,FLAVIO
1906,FLAVIO
1907,FLAVIO
1908,FLAVIO
1909,FLAVIO
1910,FLAVIO
1911,FLAVIO
1912,FLAVIO
1913,FLAVIO
1914,FLAVIO
1915,FLAVIO
1916,FLAVIO
1917,FLAVIO
1918,FLAVIUS
1919,FLAVO
1920,FLEIDE
1921,FLORA
1922,FLORA
1923,FLORIANO
1924,FRANCENILDO
1925,FRANCIANE
1926,FRANCIANE
1927,FRANCIANNE
1928,FRANCIANNE
1929,FRANCIDALVA
1930,FRANCIELE
1931,FRANCILEIDE
1932,FRANCINE
1933,FRANCINETE
1934,FRANCINETE
1935,FRANCINETE
1936,FRANCINETE
1937,FRANCIONE
1938,FRANCIONE
1939,FRANCISCA
1940,FRANCISCA
1941,FRANCISCA
1942,FRANCISCA
1943,FRANCISCA
1944,FRANCISCA
1945,FRANCISCA
1946,FRANCISCA
1947,FRANCISCA
1948,FRANCISCA
1949,FRANCISCA
1950,FRANCISCA
1951,FRANCISCA
1952,FRANCISCA
1953,FRANCISCA
1954,FRANCISCA
1955,FRANCISCA
1956,FRANCISCO
1957,FRANCISCO
1958,FRANCISCO
1959,FRANCISCO
1960,FRANCISCO
1961,FRANCISCO
1962,FRANCISCO
1963,FRANCISCO
1964,FRANCISCO
1965,FRANCISCO
1966,FRANCISCO
1967,FRANCISCO
1968,FRANCISCO
1969,FRANCISCO
1970,FRANCISCO
1971,FRANCISCO
1972,FRANCISCO
1973,FRANCISCO
1974,FRANCISCO
1975,FRANCISCO
1976,FRANCISCO
1977,FRANCISCO
1978,FRANCISCO
1979,FRANCISCO
1980,FRANCISCO
1981,FRANCISCO
1982,FRANCISCO
1983,FRANCISCO
1984,FRANCISCO
1985,FRANCISCO
1986,FRANCISCO
1987,FRANCISCO
1988,FRANCISCO
1989,FRANCISCO
1990,FRANCISCO
1991,FRANCISCO
1992,FRANCISCO
1993,FRANCISCO
1994,FRANCISCO
1995,FRANCISCO
1996,FRANCISCO
1997,FRANCISCO
1998,FRANCISCO
1999,FRANCISCO
2000,FRANCISCO
2001,FRANCISCO
2002,FRANCISCO
2003,FRANCISCO
2004,FRANCISCO
2005,FRANCISCO
2006,FRANCISCO
2007,FRANCISCO
2008,FRANCISCO
2009,FRANCISCO
2010,FRANCISCO
2011,FRANCISCO
2012,FRANCISCO
2013,FRANCISCO
2014,FRANCISCO
2015,FRANCISCO
2016,FRANCISCO
2017,FRANCISCO
2018,FRANCISCO
2019,FRANCISCO
2020,FRANCISCO
2021,FRANCISCO
2022,FRANCISCO
2023,FRANCISCO
2024,FRANCISCO
2025,FRANCISCO
2026,FRANCISCO
2027,FRANCISCO
2028,FRANCISCO
2029,FRANCISCO
2030,FRANCISCO
2031,FRANCISCO
2032,FRANCISCO
2033,FRANCISCO
2034,FRANCISCO
2035,FRANCISCO
2036,FRANCISCO
2037,FRANCISCO
2038,FRANCISCO
2039,FRANCISCO
2040,FRANCISCO
2041,FRANCISCO
2042,FRANCISCO
2043,FRANCISCO
2044,FRANCISCO
2045,FRANCISCO
2046,FRANCISCO
2047,FRANCISCO
2048,FRANCISCO
2049,FRANCISCO
2050,FRANCISCO
2051,FRANCISCO
2052,FRANCISCO
2053,FRANCISCO
2054,FRANCISCO
2055,FRANCISCO
2056,FRANCISCO
2057,FRANCISCO
2058,FRANCISCO
2059,FRANCISCO
2060,FRANCISCO
2061,FRANCISCO
2062,FRANCISCO
2063,FRANCISCO
2064,FRANCISCO
2065,FRANCISCO
2066,FRANCISCO
2067,FRANCISCO
2068,FRANCISCO
2069,FRANCISCO
2070,FRANCISCO
2071,FRANCISCO
2072,FRANCISCO
2073,FRANCISCO
2074,FRANCISCO
2075,FRANCISCO
2076,FRANCISCO
2077,FRANCISCO
2078,FRANCISCO
2079,FRANCISCO
2080,FRANCISCO
2081,FRANCK
2082,FRANCOIRA
2083,FRANCOIS
2084,FRANCOISE
2085,FRANKLIN
2086,FRED
2087,FRED
2088,FREDERICO
2089,FREDERICO
2090,FREDERICO
2091,FREDERICO
2092,FREUDSON
2093,FRIEDA
2094,FULVIO
2095,GABRIEL
2096,GABRIEL
2097,GABRIEL
2098,GABRIEL
2099,GABRIEL
2100,GABRIEL
2101,GABRIEL
2102,GABRIEL
2103,GABRIELA
2104,GABRIELA
2105,GABRIELA
2106,GABRIELA
2107,GABRIELA
2108,GABRIELA
2109,GABRIELA
2110,GABRIELLA
2111,GABRIELLA
2112,GABRIELLE
2113,GALTIERI
2114,GARDENIA
2115,GAUGEFRAN
2116,GEANEIDE
2117,GEILNE
2118,GEILSON
2119,GEISIELLY
2120,GELSA
2121,GELSON
2122,GENIBALDO
2123,GENIBERTO
2124,GENILDO
2125,GENIVAL
2126,GENIVAL
2127,GENIVAL
2128,GENTIL
2129,GENTIL
2130,GEOMEREZ
2131,GEORGE
2132,GEORGE
2133,GEORGE
2134,GEORGE
2135,GEORGE
2136,GEORGE
2137,GEORGE
2138,GEORGE
2139,GEORGE
2140,GEORGE
2141,GEORGE
2142,GEORGE
2143,GEORGIA
2144,GEORGIA
2145,GEORGIA
2146,GEORGIA
2147,GEOVANEIDE
2148,GERALDO
2149,GERALDO
2150,GERALDO
2151,GERALDO
2152,GERARDO
2153,GERARDO
2154,GERBSON
2155,GERCINA
2156,GERLANE
2157,GERLANE
2158,GERMAN
2159,GERMANNA
2160,GERMANO
2161,GERMANO
2162,GEROMILTON
2163,GERSON
2164,GERSON
2165,GERSON
2166,GERSONEIDE
2167,GERUZA
2168,GERVASIO
2169,GESSICA
2170,GESSICA
2171,GETULIO
2172,GIANE
2173,GIANKA
2174,GIBEON
2175,GIBSON
2176,GIDYENNE
2177,GILBERTO
2178,GILBERTO
2179,GILBERTO
2180,GILBERTO
2181,GILDASIO
2182,GILDASIO
2183,GILDENE
2184,GILDETE
2185,GILDO
2186,GILIANE
2187,GILKA
2188,GILMAR
2189,GILMAR
2190,GILMAR
2191,GILMAR
2192,GILMAR
2193,GILMAR
2194,GILMARA
2195,GILNEI
2196,GILSON
2197,GILSON
2198,GILSON
2199,GILSON
2200,GILSON
2201,GILSON
2202,GILSON
2203,GILSON
2204,GILSON
2205,GILSON
2206,GILVAN
2207,GILVAN
2208,GILVAN
2209,GILVAN
2210,GILVANDO
2211,GILVANDO
2212,GILVANIA
2213,GILVANIA
2214,GILVANILDO
2215,GILZEMBERG
2216,GIORDANO
2217,GIOVANA
2218,GIOVANNA
2219,GIOVANNA
2220,GIOVANNA
2221,GIRLAYNE
2222,GISELE
2223,GISELE
2224,GISELE
2225,GISELE
2226,GISELE
2227,GISELE
2228,GISELLE
2229,GISELLE
2230,GISELLE
2231,GISELLE
2232,GISLAINE
2233,GISLENE
2234,GIULIAN
2235,GIULIANA
2236,GIULIANA
2237,GIULIANA
2238,GIULIANNA
2239,GIUSEPPI
2240,GIZELMA
2241,GIZEUDA
2242,GLAUBER
2243,GLAUBER
2244,GLAUBER
2245,GLAUCE
2246,GLAUCIANA
2247,GLAUCIANE
2248,GLAUCIO
2249,GLAUKO
2250,GLAYCE
2251,GLEDSON
2252,GLEDSON
2253,GLEICE
2254,GLEIDSON
2255,GLEIDSON
2256,GLEIKO
2257,GLEISSE
2258,GLENN
2259,GLEYBSON
2260,GLEYDSON
2261,GLEYDSON
2262,GLEYDSON
2263,GLICIA
2264,GLORIA
2265,GLYNNER
2266,GRACE
2267,GRACE
2268,GRACIA
2269,GRACIELLE
2270,GRACIMARA
2271,GRACIMARY
2272,GRACIO
2273,GRACO
2274,GRASIELA
2275,GRASIELA
2276,GRAZIELLA
2277,GRAZIELLE
2278,GRINAURA
2279,GUALTER
2280,GUARACI
2281,GUILHERME
2282,GUILHERME
2283,GUILHERME
2284,GUILHERME
2285,GUILHERME
2286,GUILHERME
2287,GUILHERME
2288,GUILHERME
2289,GUILHERME
2290,GUILHERME
2291,GUILHERME
2292,GUNTHINEIA
2293,GUSTAVO
2294,GUSTAVO
2295,GUSTAVO
2296,GUSTAVO
2297,GUSTAVO
2298,GUSTAVO
2299,GUSTAVO
2300,GUSTAVO
2301,GUSTAVO
2302,GUSTAVO
2303,GUSTAVO
2304,GUSTAVO
2305,GUSTAVO
2306,GUSTAVO
2307,GUSTAVO
2308,GUSTAVO
2309,GUSTAVO
2310,GUTEMBERGUE
2311,GUTENBERG
2312,GYLCE
2313,GYOVANNY
2314,HADASSA
2315,HADIELLSON
2316,HAILSON
2317,HAILTON
2318,HALAMO
2319,HALCIMA
2320,HALINE
2321,HALLISSA
2322,HALLYSSON
2323,HANNAH
2324,HANRY
2325,HARETON
2326,HARIM
2327,HAROLDO
2328,HARTT
2329,HASSAN
2330,HEATHER
2331,HEBEL
2332,HEBERT
2333,HECTOR
2334,HEITOR
2335,HEITOR
2336,HEITOR
2337,HEITOR
2338,HELAINE
2339,HELAINY
2340,HELANO
2341,HELCIO
2342,HELCIO
2343,HELDER
2344,HELDER
2345,HELDER
2346,HELDER
2347,HELDERES
2348,HELEN
2349,HELEN
2350,HELENA
2351,HELENA
2352,HELENA
2353,HELENICE
2354,HELENO
2355,HELI
2356,HELIANA
2357,HELIANA
2358,HELIANE
2359,HELIDA
2360,HELIO
2361,HELIO
2362,HELIO
2363,HELIO
2364,HELIO
2365,HELIO
2366,HELLEN
2367,HELLEN
2368,HELLYDA
2369,HELOISA
2370,HELOUISE
2371,HELTON
2372,HELTON
2373,HENIO
2374,HENIO
2375,HENNE
2376,HENRIQUE
2377,HENRIQUE
2378,HENRIQUE
2379,HENRIQUE
2380,HENRIQUE
2381,HENRIQUE
2382,HENRIQUE
2383,HENRIQUE
2384,HENRIQUE
2385,HENRIQUE
2386,HENRIQUE
2387,HENRY
2388,HERBENNY
2389,HERBERT
2390,HERBET
2391,HERBETE
2392,HERCIANE
2393,HERCULANA
2394,HERCULANO
2395,HERIC
2396,HERICK
2397,HERIKA
2398,HERMANO
2399,HERMANO
2400,HERMES
2401,HERMINIO
2402,HERNANI
2403,HERTZ
2404,HEVERTON
2405,HEVIO
2406,HEYDER
2407,HIGOR
2408,HILCA
2409,HILDA
2410,HILDEGARD
2411,HINDIAEL
2412,HIPOLITO
2413,HIRAM
2414,HIRONOBU
2415,HOMERO
2416,HORTEVAN
2417,HOSANA
2418,HUDSON
2419,HUDSON
2420,HUDSON
2421,HUGANISA
2422,HUGO
2423,HUGO
2424,HUGO
2425,HUGO
2426,HUGO
2427,HUGO
2428,HUGO
2429,HUGO
2430,HUGO
2431,HULDMARY
2432,HUMBERTO
2433,HUMBERTO
2434,HYLARINA
2435,HYLAS
2436,IAGE
2437,IAN
2438,IANA
2439,IANNE
2440,IANNY
2441,IANO
2442,IAPONY
2443,IARA
2444,IARA
2445,IARA
2446,IARA
2447,IARA
2448,IASMIM
2449,ICARO
2450,ICARO
2451,IDALINA
2452,IDALMIS
2453,IDAUSA
2454,IDIANA
2455,IDIVALDO
2456,IEDA
2457,IEDA
2458,IESUS
2459,IGARA
2460,IGOR
2461,IGOR
2462,IGOR
2463,IGOR
2464,IGOR
2465,IGOR
2466,IGOR
2467,IGOR
2468,ILANA
2469,ILANA
2470,ILANE
2471,ILARA
2472,ILENA
2473,ILISDAYNE
2474,ILKA
2475,ILLANNE
2476,ILLIA
2477,ILMARA
2478,ILUSKA
2479,ILZENETE
2480,INACIO
2481,INAE
2482,INAMAR
2483,INAURO
2484,INDIA
2485,INDIRA
2486,INGRID
2487,INGRID
2488,INGRID
2489,INGRID
2490,INGRID
2491,INGRID
2492,INGRYD
2493,IOLANDA
2494,IONE
2495,IONE
2496,IRACEMA
2497,IRACEMA
2498,IRACU
2499,IRALICE
2500,IRAMARA
2501,IRAN
2502,IRANI
2503,IRANILDO
2504,IRANILTON
2505,IRENE
2506,IRENE
2507,IRIS
2508,IRIS
2509,IRIS
2510,IRIS
2511,IRIS
2512,ISA
2513,ISA
2514,ISAAC
2515,ISAACK
2516,ISABEL
2517,ISABEL
2518,ISABEL
2519,ISABEL
2520,ISABEL
2521,ISABEL
2522,ISABELA
2523,ISABELA
2524,ISABELA
2525,ISABELA
2526,ISABELE
2527,ISABELITA
2528,ISABELLA
2529,ISABELLE
2530,ISABELLE
2531,ISABELLE
2532,ISABELLE
2533,ISABELLY
2534,ISABELLY
2535,ISAC
2536,ISADORA
2537,ISAIAS
2538,ISANA
2539,ISAQUE
2540,ISAURA
2541,ISAUREMI
2542,ISAURO
2543,ISIS
2544,ISMAEL
2545,ISMAEL
2546,ISMAIL
2547,ISMENIA
2548,ISNARA
2549,ISRAEL
2550,ISRAEL
2551,ISRAEL
2552,ISRAEL
2553,ITALA
2554,ITALO
2555,ITAMAR
2556,ITAMAR
2557,ITAMAR
2558,ITAMIR
2559,ITANILDO
2560,IURI
2561,IURI
2562,IURI
2563,IURI
2564,IVALDO
2565,IVAM
2566,IVAN
2567,IVAN
2568,IVAN
2569,IVAN
2570,IVAN
2571,IVAN
2572,IVAN
2573,IVAN
2574,IVANALDO
2575,IVANDRO
2576,IVANDSON
2577,IVANEIDE
2578,IVANIELLY
2579,IVANILDO
2580,IVANILDO
2581,IVANILDO
2582,IVANILKA
2583,IVANISE
2584,IVANISE
2585,IVANISE
2586,IVANIZIA
2587,IVANNY
2588,IVANOEL
2589,IVANOR
2590,IVANOSCA
2591,IVANOVITCH
2592,IVELISE
2593,IVELY
2594,IVETE
2595,IVETE
2596,IVINA
2597,IVO
2598,IVONE
2599,IVONE
2600,IVONE
2601,IVONEIDE
2602,IVONEIDE
2603,IVONEIDE
2604,IVONETE
2605,IVONETE
2606,IZAAC
2607,IZABEL
2608,IZABEL
2609,IZABEL
2610,IZABEL
2611,IZABEL
2612,IZABEL
2613,IZABEL
2614,IZABEL
2615,IZABELLE
2616,IZADORA
2617,IZAIAS
2618,IZALA
2619,IZAURA
2620,JACIARA
2621,JACICLEIDE
2622,JACILEIDE
2623,JACINTA
2624,JACINTO
2625,JACINTO
2626,JACIRA
2627,JACIRA
2628,JACKELINE
2629,JACKELINE
2630,JACKSON
2631,JACOPO
2632,JACQUELINE
2633,JACQUELINE
2634,JACQUELINE
2635,JACQUELINE
2636,JACQUELINE
2637,JACQUELINE
2638,JACQUELINE
2639,JACQUELINNE
2640,JACYANA
2641,JACYENE
2642,JADER
2643,JADNAELSON
2644,JADSON
2645,JADSON
2646,JADSON
2647,JAHYR
2648,JAILDA
2649,JAILMA
2650,JAILMA
2651,JAILSON
2652,JAILSON
2653,JAILSON
2654,JAILTON
2655,JAIME
2656,JAIME
2657,JAIME
2658,JAIME
2659,JAIR
2660,JAIR
2661,JAIR
2662,JAIRA
2663,JAIRO
2664,JAIRO
2665,JALES
2666,JAMERSON
2667,JAMES
2668,JAMILE
2669,JAMILLE
2670,JAMILSON
2671,JANAINA
2672,JANAINA
2673,JANAINA
2674,JANAINA
2675,JANAINA
2676,JANAINA
2677,JANAINA
2678,JANE
2679,JANE
2680,JANE
2681,JANE
2682,JANETE
2683,JANETE
2684,JANEUSA
2685,JANILSON
2686,JANINE
2687,JANINE
2688,JANIO
2689,JANIO
2690,JANMILLI
2691,JANNE
2692,JAQUELIGIA
2693,JAQUELINE
2694,JAQUES
2695,JASON
2696,JAZIEL
2697,JAZIELLI
2698,JEAN
2699,JEAN
2700,JEAN
2701,JEAN
2702,JEAN
2703,JEANCARLO
2704,JEANE
2705,JEANE
2706,JEANE
2707,JEANETE
2708,JEANNE
2709,JEFERSON
2710,JEFERSON
2711,JEFERSON
2712,JEFFERSON
2713,JEFFERSON
2714,JEFFERSON
2715,JEFFERSON
2716,JEFFERSON
2717,JEFFERSON
2718,JEFFERSON
2719,JEFFERSON
2720,JEFFERSSON
2721,JEIEL
2722,JEKSON
2723,JENNER
2724,JENNIFER
2725,JENNYS
2726,JERFFESON
2727,JERONIMO
2728,JESAIAS
2729,JESONIAS
2730,JESSICA
2731,JESSICA
2732,JESSICA
2733,JESSICA
2734,JESSICA
2735,JESSICA
2736,JESSICA
2737,JESSICA
2738,JESSICA
2739,JESSICA
2740,JESSICA
2741,JESSICLEY
2742,JESSIKA
2743,JESSYCA
2744,JESUS
2745,JHONATAS
2746,JOABE
2747,JOACY
2748,JOADE
2749,JOADETE
2750,JOADIR
2751,JOANA
2752,JOANA
2753,JOANA
2754,JOANA
2755,JOANA
2756,JOANA
2757,JOANA
2758,JOANA
2759,JOANA
2760,JOANE
2761,JOANILDA
2762,JOANNES
2763,JOAO
2764,JOAO
2765,JOAO
2766,JOAO
2767,JOAO
2768,JOAO
2769,JOAO
2770,JOAO
2771,JOAO
2772,JOAO
2773,JOAO
2774,JOAO
2775,JOAO
2776,JOAO
2777,JOAO
2778,JOAO
2779,JOAO
2780,JOAO
2781,JOAO
2782,JOAO
2783,JOAO
2784,JOAO
2785,JOAO
2786,JOAO
2787,JOAO
2788,JOAO
2789,JOAO
2790,JOAO
2791,JOAO
2792,JOAO
2793,JOAO
2794,JOAO
2795,JOAO
2796,JOAO
2797,JOAO
2798,JOAO
2799,JOAO
2800,JOAO
2801,JOAO
2802,JOAO
2803,JOAO
2804,JOAO
2805,JOAO
2806,JOAO
2807,JOAO
2808,JOAO
2809,JOAO
2810,JOAO
2811,JOAO
2812,JOAO
2813,JOAO
2814,JOAO
2815,JOAO
2816,JOAO
2817,JOAO
2818,JOAO
2819,JOAO
2820,JOAO
2821,JOAO
2822,JOAO
2823,JOAO
2824,JOAO
2825,JOAO
2826,JOAO
2827,JOAO
2828,JOAO
2829,JOAO
2830,JOAO
2831,JOAO
2832,JOAO
2833,JOAO
2834,JOAO
2835,JOAO
2836,JOAO
2837,JOAO
2838,JOAO
2839,JOAO
2840,JOAO
2841,JOAO
2842,JOAO
2843,JOAO
2844,JOAO
2845,JOAO
2846,JOAO
2847,JOAO
2848,JOAO
2849,JOAO
2850,JOAO
2851,JOAO
2852,JOAO
2853,JOAO
2854,JOAO
2855,JOAO
2856,JOAO
2857,JOAO
2858,JOAQUIM
2859,JOATA
2860,JOATAN
2861,JOATAO
2862,JOCEKLEYTON
2863,JOCELIA
2864,JOCELINE
2865,JOCIANE
2866,JODEYLSON
2867,JOEL
2868,JOEL
2869,JOEL
2870,JOELIA
2871,JOELMA
2872,JOELSON
2873,JOELSON
2874,JOELZA
2875,JOHN
2876,JOHN
2877,JOHNNATAS
2878,JOICE
2879,JOICE
2880,JOILSON
2881,JOIZA
2882,JONAS
2883,JONAS
2884,JONAS
2885,JONAS
2886,JONAS
2887,JONAS
2888,JONAS
2889,JONATA
2890,JONATAS
2891,JONATAS
2892,JONATHAN
2893,JONATHAN
2894,JONIA
2895,JORDANA
2896,JORDI
2897,JORGE
2898,JORGE
2899,JORGE
2900,JORGE
2901,JORGE
2902,JORGE
2903,JORGE
2904,JORGE
2905,JORGE
2906,JORGE
2907,JORGE
2908,JORGE
2909,JORGE
2910,JORGE
2911,JORGE
2912,JORGE
2913,JORGE
2914,JORGE
2915,JOSAIR
2916,JOSALMIR
2917,JOSCELIANO
2918,JOSE
2919,JOSE
2920,JOSE
2921,JOSE
2922,JOSE
2923,JOSE
2924,JOSE
2925,JOSE
2926,JOSE
2927,JOSE
2928,JOSE
2929,JOSE
2930,JOSE
2931,JOSE
2932,JOSE
2933,JOSE
2934,JOSE
2935,JOSE
2936,JOSE
2937,JOSE
2938,JOSE
2939,JOSE
2940,JOSE
2941,JOSE
2942,JOSE
2943,JOSE
2944,JOSE
2945,JOSE
2946,JOSE
2947,JOSE
2948,JOSE
2949,JOSE
2950,JOSE
2951,JOSE
2952,JOSE
2953,JOSE
2954,JOSE
2955,JOSE
2956,JOSE
2957,JOSE
2958,JOSE
2959,JOSE
2960,JOSE
2961,JOSE
2962,JOSE
2963,JOSE
2964,JOSE
2965,JOSE
2966,JOSE
2967,JOSE
2968,JOSE
2969,JOSE
2970,JOSE
2971,JOSE
2972,JOSE
2973,JOSE
2974,JOSE
2975,JOSE
2976,JOSE
2977,JOSE
2978,JOSE
2979,JOSE
2980,JOSE
2981,JOSE
2982,JOSE
2983,JOSE
2984,JOSE
2985,JOSE
2986,JOSE
2987,JOSE
2988,JOSE
2989,JOSE
2990,JOSE
2991,JOSE
2992,JOSE
2993,JOSE
2994,JOSE
2995,JOSE
2996,JOSE
2997,JOSE
2998,JOSE
2999,JOSE
3000,JOSE
3001,JOSE
3002,JOSE
3003,JOSE
3004,JOSE
3005,JOSE
3006,JOSE
3007,JOSE
3008,JOSE
3009,JOSE
3010,JOSE
3011,JOSE
3012,JOSE
3013,JOSE
3014,JOSE
3015,JOSE
3016,JOSE
3017,JOSE
3018,JOSE
3019,JOSE
3020,JOSE
3021,JOSE
3022,JOSE
3023,JOSE
3024,JOSE
3025,JOSE
3026,JOSE
3027,JOSE
3028,JOSE
3029,JOSE
3030,JOSE
3031,JOSE
3032,JOSE
3033,JOSE
3034,JOSE
3035,JOSE
3036,JOSE
3037,JOSE
3038,JOSE
3039,JOSE
3040,JOSE
3041,JOSE
3042,JOSE
3043,JOSE
3044,JOSE
3045,JOSE
3046,JOSE
3047,JOSE
3048,JOSE
3049,JOSE
3050,JOSE
3051,JOSE
3052,JOSE
3053,JOSE
3054,JOSE
3055,JOSE
3056,JOSE
3057,JOSE
3058,JOSE
3059,JOSE
3060,JOSE
3061,JOSE
3062,JOSE
3063,JOSE
3064,JOSE
3065,JOSE
3066,JOSE
3067,JOSE
3068,JOSE
3069,JOSE
3070,JOSE
3071,JOSE
3072,JOSE
3073,JOSE
3074,JOSE
3075,JOSE
3076,JOSE
3077,JOSE
3078,JOSE
3079,JOSE
3080,JOSE
3081,JOSE
3082,JOSE
3083,JOSE
3084,JOSE
3085,JOSE
3086,JOSE
3087,JOSE
3088,JOSE
3089,JOSE
3090,JOSE
3091,JOSE
3092,JOSE
3093,JOSE
3094,JOSE
3095,JOSE
3096,JOSE
3097,JOSE
3098,JOSE
3099,JOSE
3100,JOSE
3101,JOSE
3102,JOSE
3103,JOSE
3104,JOSE
3105,JOSE
3106,JOSE
3107,JOSE
3108,JOSE
3109,JOSE
3110,JOSE
3111,JOSE
3112,JOSEANE
3113,JOSEFA
3114,JOSEFA
3115,JOSEFA
3116,JOSEILCE
3117,JOSELENO
3118,JOSELI
3119,JOSELIA
3120,JOSELIA
3121,JOSELIA
3122,JOSELIO
3123,JOSELITO
3124,JOSELLY
3125,JOSEMAR
3126,JOSEMAR
3127,JOSEMAR
3128,JOSEMERY
3129,JOSENALDE
3130,JOSENBERG
3131,JOSENEIDE
3132,JOSENEIDE
3133,JOSENEIDE
3134,JOSENILDO
3135,JOSENILDO
3136,JOSENILSON
3137,JOSEPHY
3138,JOSERLANDIA
3139,JOSIANA
3140,JOSIANE
3141,JOSIANE
3142,JOSIAS
3143,JOSIBEL
3144,JOSICLEIDE
3145,JOSILDA
3146,JOSILENE
3147,JOSILETE
3148,JOSIMARA
3149,JOSINA
3150,JOSINALDO
3151,JOSINEIDE
3152,JOSINETE
3153,JOSIVAN
3154,JOSIVANIA
3155,JOSSANA
3156,JOSUE
3157,JOSUE
3158,JOSY
3159,JOVANKA
3160,JOVANKA
3161,JOYANNE
3162,JOYCE
3163,JOYCE
3164,JOYCE
3165,JOYMARA
3166,JOYME
3167,JUAN
3168,JUAN
3169,JUAREZ
3170,JUAREZ
3171,JUAREZ
3172,JUCIANO
3173,JUCIENE
3174,JUCILENE
3175,JUCIMAR
3176,JUDITE
3177,JUDITH
3178,JUDITH
3179,JUDITHE
3180,JUDNEY
3181,JUDSON
3182,JUDSON
3183,JULIA
3184,JULIA
3185,JULIA
3186,JULIA
3187,JULIANA
3188,JULIANA
3189,JULIANA
3190,JULIANA
3191,JULIANA
3192,JULIANA
3193,JULIANA
3194,JULIANA
3195,JULIANA
3196,JULIANA
3197,JULIANA
3198,JULIANA
3199,JULIANA
3200,JULIANA
3201,JULIANA
3202,JULIANA
3203,JULIANA
3204,JULIANA
3205,JULIANA
3206,JULIANA
3207,JULIANA
3208,JULIANA
3209,JULIANA
3210,JULIANA
3211,JULIANA
3212,JULIANA
3213,JULIANA
3214,JULIANA
3215,JULIANA
3216,JULIANA
3217,JULIANA
3218,JULIANA
3219,JULIANE
3220,JULIANE
3221,JULIANNE
3222,JULIANNE
3223,JULIANNY
3224,JULIANO
3225,JULIANO
3226,JULIANY
3227,JULIE
3228,JULIE
3229,JULIE
3230,JULIETE
3231,JULIETH
3232,JULIO
3233,JULIO
3234,JULIO
3235,JULIO
3236,JULIO
3237,JULIO
3238,JULIO
3239,JULIO
3240,JULIO
3241,JULIO
3242,JULIO
3243,JULIO
3244,JULIO
3245,JULIO
3246,JULIO
3247,JULITA
3248,JULLIANE
3249,JULY
3250,JULYANA
3251,JULYANA
3252,JULYHERME
3253,JUNA
3254,JURACI
3255,JURANDIR
3256,JUREMA
3257,JUSCELINO
3258,JUSCELINO
3259,JUSCIANO
3260,JUSSARA
3261,JUSSARA
3262,JUSSARA
3263,JUSSARA
3264,JUSSIER
3265,JUSSIER
3266,JUSSUER
3267,JUVANEIDE
3268,JUVENAL
3269,JUVENAL
3270,KADMA
3271,KAISA
3272,KALIANO
3273,KALIENY
3274,KALINA
3275,KALINE
3276,KALINE
3277,KALINE
3278,KALLIL
3279,KALLILE
3280,KALLINE
3281,KALYANE
3282,KALYNE
3283,KAMILA
3284,KAMYLA
3285,KAREN
3286,KAREN
3287,KAREN
3288,KARENINE
3289,KARENINE
3290,KARENINE
3291,KARILANY
3292,KARILENE
3293,KARIME
3294,KARINA
3295,KARINA
3296,KARINA
3297,KARINA
3298,KARINA
3299,KARINA
3300,KARINA
3301,KARINA
3302,KARINA
3303,KARINE
3304,KARINNA
3305,KARITA
3306,KARLA
3307,KARLA
3308,KARLA
3309,KARLA
3310,KARLA
3311,KARLA
3312,KARLA
3313,KARLA
3314,KARLA
3315,KARLA
3316,KARLA
3317,KARLA
3318,KARLA
3319,KARLA
3320,KARLA
3321,KARLA
3322,KARLIANE
3323,KARLLYAMMO
3324,KAROLINE
3325,KAROLINE
3326,KAROLINE
3327,KARYLANE
3328,KARYNA
3329,KARYNA
3330,KARYNE
3331,KASSIO
3332,KATARINE
3333,KATHERINE
3334,KATHIA
3335,KATHYLEEN
3336,KATIA
3337,KATIA
3338,KATIA
3339,KATIA
3340,KATIA
3341,KATIA
3342,KATIA
3343,KATIA
3344,KATIA
3345,KATIA
3346,KATIA
3347,KATIANE
3348,KATIANE
3349,KATIE
3350,KATIENE
3351,KATIUSCIA
3352,KATTARINE
3353,KATYA
3354,KAYNARA
3355,KAYO
3356,KEILA
3357,KEILA
3358,KEILA
3359,KEILA
3360,KEITH
3361,KEITY
3362,KEIVILANY
3363,KELIENNY
3364,KELLEN
3365,KELLEN
3366,KELLY
3367,KELLY
3368,KELLY
3369,KELLY
3370,KELLY
3371,KELSIANE
3372,KELVIN
3373,KENIA
3374,KENIO
3375,KENNEDY
3376,KERCIA
3377,KERGINALDO
3378,KERGINALDO
3379,KERLEI
3380,KEROLAYNNE
3381,KERSTIN
3382,KESIA
3383,KESIA
3384,KESSIA
3385,KESSYA
3386,KEYLA
3387,KILDER
3388,KILZA
3389,KILZA
3390,KIONARA
3391,KISNA
3392,KIVHIA
3393,KIVIA
3394,KIVYSON
3395,KLAYTON
3396,KLAYTON
3397,KLEBER
3398,KLEBER
3399,KLEBER
3400,KLEBER
3401,KLEBER
3402,KLEBER
3403,KLEIBER
3404,KLEISON
3405,KLEYTON
3406,KLEYTON
3407,KTARINA
3408,KURIOS
3409,LADDYLA
3410,LADY
3411,LADY
3412,LAECIO
3413,LAELSON
3414,LAERCIO
3415,LAERTE
3416,LAHELYA
3417,LAIS
3418,LAIS
3419,LAIS
3420,LAISA
3421,LAISE
3422,LAISE
3423,LAISE
3424,LAISE
3425,LAISIA
3426,LAIZA
3427,LAIZE
3428,LAMONIARA
3429,LANA
3430,LANA
3431,LANE
3432,LANISSA
3433,LANNA
3434,LANNUZYA
3435,LARA
3436,LARA
3437,LARA
3438,LARALIS
3439,LARISSA
3440,LARISSA
3441,LARISSA
3442,LARISSA
3443,LARISSA
3444,LARISSA
3445,LARISSA
3446,LARISSA
3447,LARISSA
3448,LARISSA
3449,LARISSA
3450,LARISSA
3451,LARISSA
3452,LARISSE
3453,LAURA
3454,LAURA
3455,LAURA
3456,LAURA
3457,LAURA
3458,LAURA
3459,LAURIANA
3460,LAURITA
3461,LAURO
3462,LAURO
3463,LAURO
3464,LAURO
3465,LAVINIA
3466,LAVINIA
3467,LAWRENCE
3468,LAYANE
3469,LEANDRO
3470,LEANDRO
3471,LEANDRO
3472,LEANDRO
3473,LEANDRO
3474,LEANDRO
3475,LEANDRO
3476,LEANDSON
3477,LEDA
3478,LEID
3479,LEILA
3480,LEILA
3481,LEILA
3482,LEILA
3483,LEILANNE
3484,LEILIANNE
3485,LEIS
3486,LELIA
3487,LELIA
3488,LENA
3489,LENICIA
3490,LENILTON
3491,LENISE
3492,LENISE
3493,LEO
3494,LEON
3495,LEONARDO
3496,LEONARDO
3497,LEONARDO
3498,LEONARDO
3499,LEONARDO
3500,LEONARDO
3501,LEONARDO
3502,LEONARDO
3503,LEONARDO
3504,LEONARDO
3505,LEONARDO
3506,LEONARDO
3507,LEONARDO
3508,LEONARDO
3509,LEONARDO
3510,LEONARDO
3511,LEONARDO
3512,LEONARDO
3513,LEONARDO
3514,LEONARDO
3515,LEONARDO
3516,LEONARDO
3517,LEONARDO
3518,LEONARDO
3519,LEONARDO
3520,LEONEL
3521,LEONIDAS
3522,LEONIDAS
3523,LEONILSON
3524,LEOPOLDO
3525,LERCIA
3526,LETICIA
3527,LETICIA
3528,LETICIA
3529,LETICIA
3530,LETICIA
3531,LETISSANDRA
3532,LEVI
3533,LIA
3534,LIANA
3535,LIANA
3536,LIANA
3537,LIBNA
3538,LICELIO
3539,LIDIA
3540,LIDIA
3541,LIDIA
3542,LIDIANE
3543,LIDIANE
3544,LIDIANNE
3545,LIDIO
3546,LIETI
3547,LIGIA
3548,LIGIA
3549,LIGIANNE
3550,LIGIO
3551,LILIA
3552,LILIA
3553,LILIAN
3554,LILIAN
3555,LILIAN
3556,LILIAN
3557,LILIAN
3558,LILIANA
3559,LILIANE
3560,LILIANE
3561,LILIANE
3562,LILIANE
3563,LILIANE
3564,LILIANE
3565,LILIANNE
3566,LINCOLN
3567,LINDA
3568,LINDALVA
3569,LINDEMBERG
3570,LINDIJANE
3571,LINDOLFO
3572,LINDUARTE
3573,LINDUARTE
3574,LISABETE
3575,LISANDRA
3576,LISIE
3577,LISIEUX
3578,LISS
3579,LISSA
3580,LIVIA
3581,LIVIA
3582,LIVIA
3583,LIVIA
3584,LIVIA
3585,LIVIO
3586,LIZ
3587,LIZIANNE
3588,LIZIE
3589,LORAINE
3590,LORE
3591,LORENA
3592,LORENA
3593,LORENA
3594,LORENA
3595,LORENA
3596,LORENA
3597,LORENA
3598,LORENA
3599,LORENA
3600,LORENNA
3601,LORENNA
3602,LOUISE
3603,LOUISE
3604,LOUISIANNY
3605,LOURDES
3606,LOURENA
3607,LOURENA
3608,LOURIVAL
3609,LOURIVAL
3610,LOUSARDO
3611,LUAN
3612,LUAN
3613,LUAN
3614,LUAN
3615,LUANA
3616,LUANA
3617,LUANA
3618,LUANA
3619,LUANA
3620,LUANA
3621,LUANA
3622,LUANDA
3623,LUANN
3624,LUANNA
3625,LUCAS
3626,LUCAS
3627,LUCAS
3628,LUCAS
3629,LUCAS
3630,LUCAS
3631,LUCAS
3632,LUCAS
3633,LUCAS
3634,LUCAS
3635,LUCAS
3636,LUCAS
3637,LUCAS
3638,LUCELIO
3639,LUCIA
3640,LUCIA
3641,LUCIA
3642,LUCIA
3643,LUCIA
3644,LUCIA
3645,LUCIA
3646,LUCIA
3647,LUCIA
3648,LUCIA
3649,LUCIANA
3650,LUCIANA
3651,LUCIANA
3652,LUCIANA
3653,LUCIANA
3654,LUCIANA
3655,LUCIANA
3656,LUCIANA
3657,LUCIANA
3658,LUCIANA
3659,LUCIANA
3660,LUCIANA
3661,LUCIANA
3662,LUCIANA
3663,LUCIANA
3664,LUCIANA
3665,LUCIANA
3666,LUCIANA
3667,LUCIANA
3668,LUCIANA
3669,LUCIANA
3670,LUCIANA
3671,LUCIANA
3672,LUCIANA
3673,LUCIANA
3674,LUCIANA
3675,LUCIANA
3676,LUCIANA
3677,LUCIANA
3678,LUCIANA
3679,LUCIANA
3680,LUCIANA
3681,LUCIANA
3682,LUCIANA
3683,LUCIANA
3684,LUCIANA
3685,LUCIANA
3686,LUCIANE
3687,LUCIANE
3688,LUCIANI
3689,LUCIANNA
3690,LUCIANO
3691,LUCIANO
3692,LUCIANO
3693,LUCIANO
3694,LUCIANO
3695,LUCIANO
3696,LUCIANO
3697,LUCIANO
3698,LUCIANO
3699,LUCIANO
3700,LUCIEN
3701,LUCIENE
3702,LUCIENE
3703,LUCIENE
3704,LUCILA
3705,LUCILA
3706,LUCILA
3707,LUCILDA
3708,LUCILEIDE
3709,LUCIMAR
3710,LUCIMAR
3711,LUCINEIA
3712,LUCINEIDE
3713,LUCINEIDE
3714,LUCINEIDE
3715,LUCIO
3716,LUCIO
3717,LUCIO
3718,LUCIO
3719,LUCIO
3720,LUCIO
3721,LUCIVANIA
3722,LUCRECIO
3723,LUCYMARA
3724,LUCYPAULA
3725,LUIS
3726,LUIS
3727,LUIS
3728,LUIS
3729,LUIS
3730,LUIS
3731,LUIS
3732,LUIS
3733,LUIS
3734,LUIS
3735,LUIS
3736,LUIS
3737,LUIS
3738,LUIS
3739,LUIS
3740,LUIZ
3741,LUIZ
3742,LUIZ
3743,LUIZ
3744,LUIZ
3745,LUIZ
3746,LUIZ
3747,LUIZ
3748,LUIZ
3749,LUIZ
3750,LUIZ
3751,LUIZ
3752,LUIZ
3753,LUIZ
3754,LUIZ
3755,LUIZ
3756,LUIZ
3757,LUIZ
3758,LUIZ
3759,LUIZ
3760,LUIZ
3761,LUIZ
3762,LUIZ
3763,LUIZ
3764,LUIZ
3765,LUIZ
3766,LUIZ
3767,LUIZ
3768,LUIZ
3769,LUIZ
3770,LUIZ
3771,LUIZ
3772,LUIZ
3773,LUIZ
3774,LUIZ
3775,LUIZ
3776,LUIZ
3777,LUIZ
3778,LUIZ
3779,LUIZ
3780,LUIZ
3781,LUIZ
3782,LUIZ
3783,LUIZ
3784,LUIZ
3785,LUIZ
3786,LUIZ
3787,LUIZ
3788,LUIZ
3789,LUIZ
3790,LUIZ
3791,LUIZ
3792,LUIZ
3793,LUIZ
3794,LUIZ
3795,LUIZ
3796,LUIZ
3797,LUIZ
3798,LUIZ
3799,LUIZ
3800,LUIZ
3801,LUIZ
3802,LUIZ
3803,LUIZ
3804,LUIZA
3805,LUIZA
3806,LUIZA
3807,LUIZA
3808,LUIZA
3809,LUIZA
3810,LUIZY
3811,LUTIANE
3812,LUZ
3813,LUZANIRA
3814,LUZIA
3815,LUZIA
3816,LUZIA
3817,LUZIA
3818,LUZIA
3819,LUZIA
3820,LUZIA
3821,LUZIANA
3822,LUZIENE
3823,LUZIENE
3824,LUZIMAR
3825,LUZIMARA
3826,LUZINETE
3827,LUZINETE
3828,LYANE
3829,LYGIA
3830,LYGIA
3831,LYRENE
3832,LYSANDRA
3833,LYVIA
3834,MABEL
3835,MACERLY
3836,MACIEL
3837,MACILON
3838,MADRAS
3839,MAGALI
3840,MAGALI
3841,MAGALI
3842,MAGDA
3843,MAGDA
3844,MAGDA
3845,MAGDA
3846,MAGDALENA
3847,MAGDI
3848,MAGNA
3849,MAGNA
3850,MAGNALDA
3851,MAGNO
3852,MAGNO
3853,MAGNOLIA
3854,MAGNOLIA
3855,MAGNOLIA
3856,MAGNUS
3857,MAHAYANA
3858,MAIANNA
3859,MAIARA
3860,MAISA
3861,MAISA
3862,MAISA
3863,MAIZA
3864,MAIZA
3865,MAKARIOS
3866,MALCON
3867,MANASSES
3868,MANILO
3869,MANOEL
3870,MANOEL
3871,MANOEL
3872,MANOEL
3873,MANOEL
3874,MANOEL
3875,MANOEL
3876,MANOEL
3877,MANOEL
3878,MANOEL
3879,MANOEL
3880,MANOEL
3881,MANOEL
3882,MANOEL
3883,MANOEL
3884,MANOEL
3885,MANOEL
3886,MANOEL
3887,MANOEL
3888,MANOEL
3889,MANOEL
3890,MANOELLA
3891,MANUEL
3892,MANUEL
3893,MANUEL
3894,MANUEL
3895,MANUELA
3896,MANUELA
3897,MANUELA
3898,MARA
3899,MARA
3900,MARA
3901,MARALICE
3902,MARCEL
3903,MARCEL
3904,MARCEL
3905,MARCEL
3906,MARCELA
3907,MARCELA
3908,MARCELA
3909,MARCELA
3910,MARCELA
3911,MARCELA
3912,MARCELA
3913,MARCELA
3914,MARCELA
3915,MARCELINO
3916,MARCELINO
3917,MARCELINO
3918,MARCELINO
3919,MARCELLA
3920,MARCELLE
3921,MARCELLO
3922,MARCELLO
3923,MARCELLO
3924,MARCELO
3925,MARCELO
3926,MARCELO
3927,MARCELO
3928,MARCELO
3929,MARCELO
3930,MARCELO
3931,MARCELO
3932,MARCELO
3933,MARCELO
3934,MARCELO
3935,MARCELO
3936,MARCELO
3937,MARCELO
3938,MARCELO
3939,MARCELO
3940,MARCELO
3941,MARCELO
3942,MARCELO
3943,MARCELO
3944,MARCELO
3945,MARCELO
3946,MARCELO
3947,MARCELO
3948,MARCELO
3949,MARCELO
3950,MARCELO
3951,MARCELO
3952,MARCELO
3953,MARCELO
3954,MARCIA
3955,MARCIA
3956,MARCIA
3957,MARCIA
3958,MARCIA
3959,MARCIA
3960,MARCIA
3961,MARCIA
3962,MARCIA
3963,MARCIA
3964,MARCIA
3965,MARCIA
3966,MARCIA
3967,MARCIA
3968,MARCIA
3969,MARCIA
3970,MARCIA
3971,MARCIA
3972,MARCIA
3973,MARCIA
3974,MARCIA
3975,MARCIA
3976,MARCIA
3977,MARCIA
3978,MARCIANO
3979,MARCILIO
3980,MARCILIO
3981,MARCIO
3982,MARCIO
3983,MARCIO
3984,MARCIO
3985,MARCIO
3986,MARCIO
3987,MARCIO
3988,MARCIO
3989,MARCIO
3990,MARCIO
3991,MARCIO
3992,MARCIO
3993,MARCIO
3994,MARCIO
3995,MARCIO
3996,MARCIO
3997,MARCIO
3998,MARCIO
3999,MARCIO
4000,MARCIO
4001,MARCIO
4002,MARCIO
4003,MARCIO
4004,MARCIO
4005,MARCIO
4006,MARCIO
4007,MARCIONEIDE
4008,MARCO
4009,MARCO
4010,MARCO
4011,MARCO
4012,MARCO
4013,MARCO
4014,MARCO
4015,MARCO
4016,MARCO
4017,MARCO
4018,MARCONDES
4019,MARCONE
4020,MARCONE
4021,MARCONE
4022,MARCONE
4023,MARCONI
4024,MARCONI
4025,MARCONI
4026,MARCONI
4027,MARCONI
4028,MARCONI
4029,MARCONI
4030,MARCONI
4031,MARCONIO
4032,MARCOS
4033,MARCOS
4034,MARCOS
4035,MARCOS
4036,MARCOS
4037,MARCOS
4038,MARCOS
4039,MARCOS
4040,MARCOS
4041,MARCOS
4042,MARCOS
4043,MARCOS
4044,MARCOS
4045,MARCOS
4046,MARCOS
4047,MARCOS
4048,MARCOS
4049,MARCOS
4050,MARCOS
4051,MARCOS
4052,MARCOS
4053,MARCOS
4054,MARCOS
4055,MARCOS
4056,MARCOS
4057,MARCOS
4058,MARCOS
4059,MARCOS
4060,MARCOS
4061,MARCOS
4062,MARCOS
4063,MARCOS
4064,MARCOS
4065,MARCOS
4066,MARCOS
4067,MARCOS
4068,MARCOS
4069,MARCOS
4070,MARCOS
4071,MARCUS
4072,MARCUS
4073,MARCUS
4074,MARCUS
4075,MARCUS
4076,MARCUS
4077,MARCUS
4078,MARCUS
4079,MARGARETH
4080,MARGARETH
4081,MARGARETH
4082,MARGARETTI
4083,MARGARIDA
4084,MARGARIDA
4085,MARGARITA
4086,MARIA
4087,MARIA
4088,MARIA
4089,MARIA
4090,MARIA
4091,MARIA
4092,MARIA
4093,MARIA
4094,MARIA
4095,MARIA
4096,MARIA
4097,MARIA
4098,MARIA
4099,MARIA
4100,MARIA
4101,MARIA
4102,MARIA
4103,MARIA
4104,MARIA
4105,MARIA
4106,MARIA
4107,MARIA
4108,MARIA
4109,MARIA
4110,MARIA
4111,MARIA
4112,MARIA
4113,MARIA
4114,MARIA
4115,MARIA
4116,MARIA
4117,MARIA
4118,MARIA
4119,MARIA
4120,MARIA
4121,MARIA
4122,MARIA
4123,MARIA
4124,MARIA
4125,MARIA
4126,MARIA
4127,MARIA
4128,MARIA
4129,MARIA
4130,MARIA
4131,MARIA
4132,MARIA
4133,MARIA
4134,MARIA
4135,MARIA
4136,MARIA
4137,MARIA
4138,MARIA
4139,MARIA
4140,MARIA
4141,MARIA
4142,MARIA
4143,MARIA
4144,MARIA
4145,MARIA
4146,MARIA
4147,MARIA
4148,MARIA
4149,MARIA
4150,MARIA
4151,MARIA
4152,MARIA
4153,MARIA
4154,MARIA
4155,MARIA
4156,MARIA
4157,MARIA
4158,MARIA
4159,MARIA
4160,MARIA
4161,MARIA
4162,MARIA
4163,MARIA
4164,MARIA
4165,MARIA
4166,MARIA
4167,MARIA
4168,MARIA
4169,MARIA
4170,MARIA
4171,MARIA
4172,MARIA
4173,MARIA
4174,MARIA
4175,MARIA
4176,MARIA
4177,MARIA
4178,MARIA
4179,MARIA
4180,MARIA
4181,MARIA
4182,MARIA
4183,MARIA
4184,MARIA
4185,MARIA
4186,MARIA
4187,MARIA
4188,MARIA
4189,MARIA
4190,MARIA
4191,MARIA
4192,MARIA
4193,MARIA
4194,MARIA
4195,MARIA
4196,MARIA
4197,MARIA
4198,MARIA
4199,MARIA
4200,MARIA
4201,MARIA
4202,MARIA
4203,MARIA
4204,MARIA
4205,MARIA
4206,MARIA
4207,MARIA
4208,MARIA
4209,MARIA
4210,MARIA
4211,MARIA
4212,MARIA
4213,MARIA
4214,MARIA
4215,MARIA
4216,MARIA
4217,MARIA
4218,MARIA
4219,MARIA
4220,MARIA
4221,MARIA
4222,MARIA
4223,MARIA
4224,MARIA
4225,MARIA
4226,MARIA
4227,MARIA
4228,MARIA
4229,MARIA
4230,MARIA
4231,MARIA
4232,MARIA
4233,MARIA
4234,MARIA
4235,MARIA
4236,MARIA
4237,MARIA
4238,MARIA
4239,MARIA
4240,MARIA
4241,MARIA
4242,MARIA
4243,MARIA
4244,MARIA
4245,MARIA
4246,MARIA
4247,MARIA
4248,MARIA
4249,MARIA
4250,MARIA
4251,MARIA
4252,MARIA
4253,MARIA
4254,MARIA
4255,MARIA
4256,MARIA
4257,MARIA
4258,MARIA
4259,MARIA
4260,MARIA
4261,MARIA
4262,MARIA
4263,MARIA
4264,MARIA
4265,MARIA
4266,MARIA
4267,MARIA
4268,MARIA
4269,MARIA
4270,MARIA
4271,MARIA
4272,MARIA
4273,MARIA
4274,MARIA
4275,MARIA
4276,MARIA
4277,MARIA
4278,MARIA
4279,MARIA
4280,MARIA
4281,MARIA
4282,MARIA
4283,MARIA
4284,MARIA
4285,MARIA
4286,MARIA
4287,MARIA
4288,MARIA
4289,MARIA
4290,MARIA
4291,MARIA
4292,MARIA
4293,MARIA
4294,MARIA
4295,MARIA
4296,MARIA
4297,MARIA
4298,MARIA
4299,MARIA
4300,MARIA
4301,MARIA
4302,MARIA
4303,MARIA
4304,MARIA
4305,MARIA
4306,MARIA
4307,MARIA
4308,MARIA
4309,MARIA
4310,MARIA
4311,MARIA
4312,MARIA
4313,MARIA
4314,MARIA
4315,MARIA
4316,MARIA
4317,MARIA
4318,MARIA
4319,MARIA
4320,MARIA
4321,MARIA
4322,MARIA
4323,MARIA
4324,MARIA
4325,MARIA
4326,MARIA
4327,MARIA
4328,MARIA
4329,MARIA
4330,MARIA
4331,MARIA
4332,MARIA
4333,MARIA
4334,MARIA
4335,MARIA
4336,MARIA
4337,MARIA
4338,MARIA
4339,MARIA
4340,MARIA
4341,MARIA
4342,MARIA
4343,MARIA
4344,MARIA
4345,MARIA
4346,MARIA
4347,MARIA
4348,MARIA
4349,MARIA
4350,MARIA
4351,MARIA
4352,MARIA
4353,MARIA
4354,MARIA
4355,MARIA
4356,MARIA
4357,MARIA
4358,MARIA
4359,MARIA
4360,MARIA
4361,MARIA
4362,MARIA
4363,MARIA
4364,MARIA
4365,MARIA
4366,MARIA
4367,MARIA
4368,MARIA
4369,MARIA
4370,MARIA
4371,MARIA
4372,MARIA
4373,MARIA
4374,MARIA
4375,MARIA
4376,MARIA
4377,MARIA
4378,MARIANA
4379,MARIANA
4380,MARIANA
4381,MARIANA
4382,MARIANA
4383,MARIANA
4384,MARIANA
4385,MARIANA
4386,MARIANA
4387,MARIANA
4388,MARIANA
4389,MARIANA
4390,MARIANA
4391,MARIANA
4392,MARIANA
4393,MARIANA
4394,MARIANE
4395,MARIANE
4396,MARIANE
4397,MARIANGELA
4398,MARIANGELA
4399,MARIANNE
4400,MARIANO
4401,MARICELE
4402,MARILDA
4403,MARILEIDE
4404,MARILEIDE
4405,MARILEILA
4406,MARILENE
4407,MARILENE
4408,MARILIA
4409,MARILIA
4410,MARILIA
4411,MARILIA
4412,MARILIA
4413,MARILIA
4414,MARILIA
4415,MARILIA
4416,MARILIA
4417,MARILIA
4418,MARILIA
4419,MARILIA
4420,MARINA
4421,MARINA
4422,MARINES
4423,MARINEZA
4424,MARIO
4425,MARIO
4426,MARIO
4427,MARIO
4428,MARIO
4429,MARIO
4430,MARIO
4431,MARIO
4432,MARIO
4433,MARIO
4434,MARIO
4435,MARIO
4436,MARIO
4437,MARISA
4438,MARISE
4439,MARISE
4440,MARISE
4441,MARISE
4442,MARISIO
4443,MARISTELA
4444,MARISTELA
4445,MARISTELA
4446,MARIZA
4447,MARIZALDO
4448,MARIZALDO
4449,MARIZE
4450,MARIZE
4451,MARIZE
4452,MARIZO
4453,MARJORIE
4454,MARJORIE
4455,MARJORIE
4456,MARJORY
4457,MARKE
4458,MARKUS
4459,MARLE
4460,MARLENE
4461,MARLENE
4462,MARLI
4463,MARLIETE
4464,MARLLON
4465,MARLOS
4466,MARLUCE
4467,MARLUCE
4468,MARLUCIA
4469,MARLY
4470,MARSILENE
4471,MARTA
4472,MARTA
4473,MARTA
4474,MARTA
4475,MARTA
4476,MARTA
4477,MARTA
4478,MARTA
4479,MARTA
4480,MARTHA
4481,MARTIN
4482,MARTIN
4483,MASSILDE
4484,MATEUS
4485,MATHEUS
4486,MATHEUS
4487,MATHEUS
4488,MATHEUS
4489,MATHEUS
4490,MATHEUS
4491,MATHEUS
4492,MATHEUS
4493,MATHEUS
4494,MATHEUS
4495,MATHEUS
4496,MATHEUS
4497,MATILDE
4498,MATTHIEU
4499,MAUREN
4500,MAURICEIA
4501,MAURICELIO
4502,MAURICIO
4503,MAURICIO
4504,MAURICIO
4505,MAURICIO
4506,MAURICIO
4507,MAURICIO
4508,MAURICIO
4509,MAURICIO
4510,MAURICIO
4511,MAURICIO
4512,MAURICIO
4513,MAURICIO
4514,MAURILIO
4515,MAURITY
4516,MAURO
4517,MAURO
4518,MAURO
4519,MAURO
4520,MAX
4521,MAX
4522,MAX
4523,MAXSON
4524,MAXWELL
4525,MAXWELL
4526,MAYANE
4527,MAYARA
4528,MAYARA
4529,MAYARA
4530,MAYARA
4531,MAYARA
4532,MAYARA
4533,MAYARA
4534,MAYARA
4535,MAYARA
4536,MAYONARA
4537,MAYRA
4538,MAYRA
4539,MEIRE
4540,MELINA
4541,MELISSA
4542,MELKA
4543,MELQUESEDEQUE
4544,MELYNA
4545,MENELEU
4546,MENILLA
4547,MERCES
4548,MERCIA
4549,MERCIA
4550,MERCIA
4551,MERCIA
4552,MEYRE
4553,MEYSAM
4554,MICHAEL
4555,MICHAEL
4556,MICHAEL
4557,MICHEL
4558,MICHELE
4559,MICHELE
4560,MICHELINE
4561,MICHELINE
4562,MICHELINE
4563,MICHELLE
4564,MICHELLE
4565,MICHELLE
4566,MICHELLE
4567,MICHELLE
4568,MICHELLE
4569,MICHELLE
4570,MICHELLE
4571,MICHELLE
4572,MICHELLINE
4573,MIDIA
4574,MIDIAM
4575,MIDORI
4576,MIGUEL
4577,MIGUEL
4578,MIKELLY
4579,MILENA
4580,MILENA
4581,MILENA
4582,MILENE
4583,MILKIA
4584,MILLENA
4585,MILTON
4586,MILTON
4587,MILTON
4588,MILTON
4589,MILTON
4590,MILTON
4591,MILTON
4592,MILTON
4593,MILVA
4594,MIQUEIAS
4595,MIRACY
4596,MIRADALVA
4597,MIRALVA
4598,MIRANICE
4599,MIRELLA
4600,MIRIA
4601,MIRIAM
4602,MIRIAM
4603,MIRIAM
4604,MIRIAM
4605,MIRIAM
4606,MIRIAM
4607,MIRIAN
4608,MIRIAN
4609,MIRLA
4610,MIRNARI
4611,MOAB
4612,MOACIR
4613,MOACY
4614,MOALDECIR
4615,MOEMA
4616,MOISES
4617,MOISES
4618,MOISES
4619,MOISES
4620,MOISES
4621,MOISES
4622,MOISES
4623,MONACI
4624,MONALISA
4625,MONALISA
4626,MONALIZA
4627,MONICA
4628,MONICA
4629,MONICA
4630,MONICA
4631,MONICA
4632,MONICA
4633,MONICA
4634,MONICA
4635,MONICA
4636,MONICA
4637,MONICA
4638,MONIQUE
4639,MONIQUE
4640,MONIQUE
4641,MONIQUE
4642,MONISE
4643,MONIZE
4644,MONYKA
4645,MORGANA
4646,MORTON
4647,MOUSANIEL
4648,MOYSES
4649,MUIRAKYTAN
4650,MURILLO
4651,MURILO
4652,MURILO
4653,MYCHELLE
4654,MYLENA
4655,MYLLENA
4656,MYLLENA
4657,NADIA
4658,NADJA
4659,NADJA
4660,NADJA
4661,NADSON
4662,NAI
4663,NAIANNE
4664,NAICHE
4665,NAINA
4666,NAIRA
4667,NAIRA
4668,NAIRE
4669,NAISANDRA
4670,NAIYAN
4671,NALVA
4672,NAN
4673,NANCY
4674,NARA
4675,NARA
4676,NARA
4677,NASTASSJA
4678,NATALIA
4679,NATALIA
4680,NATALIA
4681,NATALIA
4682,NATALIA
4683,NATALIA
4684,NATALIA
4685,NATALIE
4686,NATANIA
4687,NATANY
4688,NATASHA
4689,NATERCIO
4690,NATHALIA
4691,NATHALIA
4692,NATHALIA
4693,NATHALIA
4694,NATHALY
4695,NATHALYA
4696,NATHANY
4697,NATJA
4698,NAYANA
4699,NAYARA
4700,NAYARA
4701,NAYDA
4702,NAZINEIDE
4703,NEDJA
4704,NEEMIAS
4705,NEIDA
4706,NEIL
4707,NEILMA
4708,NEILSON
4709,NELI
4710,NELIO
4711,NELSON
4712,NELSON
4713,NELSON
4714,NELSON
4715,NELSON
4716,NELSON
4717,NELY
4718,NELY
4719,NERIDEUS
4720,NERIVANIA
4721,NESIO
4722,NESTOR
4723,NEUCIANE
4724,NEUMA
4725,NEUMA
4726,NEUSIENE
4727,NEY
4728,NEYJMME
4729,NEYMAR
4730,NEYRE
4731,NEYSE
4732,NEYSE
4733,NG
4734,NICOLAU
4735,NICOLE
4736,NICOLE
4737,NIEDSON
4738,NIEGIA
4739,NILA
4740,NILBA
4741,NILBERTO
4742,NILBERTO
4743,NILDA
4744,NILMA
4745,NILMA
4746,NILMA
4747,NILO
4748,NILSON
4749,NILSON
4750,NILSON
4751,NILSON
4752,NILTON
4753,NILZA
4754,NILZA
4755,NIOMAR
4756,NIR
4757,NIREIDE
4758,NIVALDO
4759,NIVIA
4760,NIVIA
4761,NIVIA
4762,NIVIAN
4763,NIZETE
4764,NIZIA
4765,NKARTHE
4766,NOELI
4767,NOELIA
4768,NOEMEA
4769,NOMINANDO
4770,NORBERTO
4771,NORMA
4772,NUBIA
4773,NUBIA
4774,NUBIA
4775,NURIA
4776,NYLADIH
4777,OBERLAN
4778,OCTAVIO
4779,ODENISE
4780,ODILENE
4781,ODILENO
4782,ODIRLEI
4783,OLAVO
4784,OLAVO
4785,OLAVO
4786,OLAVO
4787,OLAVO
4788,OLGA
4789,OLGA
4790,OLGANIELLE
4791,OLIVIA
4792,ONEIDE
4793,ONELIA
4794,ONILDO
4795,ORGIVAL
4796,ORIONE
4797,ORISON
4798,ORIVALDO
4799,ORIVALDO
4800,ORLANDO
4801,OSCAR
4802,OSCAR
4803,OSSIAN
4804,OSVALDO
4805,OSVALDO
4806,OSVALDO
4807,OSWALDO
4808,OSWALDO
4809,OTACILIO
4810,OTANIO
4811,OTOM
4812,OTONIEL
4813,OTTO
4814,OZENILDA
4815,OZIAS
4816,OZIMAR
4817,PABLO
4818,PABLO
4819,PABLO
4820,PABLO
4821,PABLO
4822,PABLO
4823,PABLO
4824,PABLO
4825,PAGANDAI
4826,PALLOMA
4827,PALOMA
4828,PAMELA
4829,PAMELA
4830,PAMELA
4831,PAMERA
4832,PATRICIA
4833,PATRICIA
4834,PATRICIA
4835,PATRICIA
4836,PATRICIA
4837,PATRICIA
4838,PATRICIA
4839,PATRICIA
4840,PATRICIA
4841,PATRICIA
4842,PATRICIA
4843,PATRICIA
4844,PATRICIA
4845,PATRICIA
4846,PATRICIA
4847,PATRICIA
4848,PATRICIA
4849,PATRICIA
4850,PATRICIA
4851,PATRICIA
4852,PATRICIA
4853,PATRICIA
4854,PATRICIA
4855,PATRICK
4856,PATRICK
4857,PAULA
4858,PAULA
4859,PAULA
4860,PAULA
4861,PAULA
4862,PAULA
4863,PAULA
4864,PAULA
4865,PAULA
4866,PAULA
4867,PAULA
4868,PAULA
4869,PAULA
4870,PAULA
4871,PAULA
4872,PAULIANE
4873,PAULO
4874,PAULO
4875,PAULO
4876,PAULO
4877,PAULO
4878,PAULO
4879,PAULO
4880,PAULO
4881,PAULO
4882,PAULO
4883,PAULO
4884,PAULO
4885,PAULO
4886,PAULO
4887,PAULO
4888,PAULO
4889,PAULO
4890,PAULO
4891,PAULO
4892,PAULO
4893,PAULO
4894,PAULO
4895,PAULO
4896,PAULO
4897,PAULO
4898,PAULO
4899,PAULO
4900,PAULO
4901,PAULO
4902,PAULO
4903,PAULO
4904,PAULO
4905,PAULO
4906,PAULO
4907,PAULO
4908,PAULO
4909,PAULO
4910,PAULO
4911,PAULO
4912,PAULO
4913,PAULO
4914,PAULO
4915,PAULO
4916,PAULO
4917,PAULO
4918,PAULO
4919,PAULO
4920,PAULO
4921,PAULO
4922,PEDRO
4923,PEDRO
4924,PEDRO
4925,PEDRO
4926,PEDRO
4927,PEDRO
4928,PEDRO
4929,PEDRO
4930,PEDRO
4931,PEDRO
4932,PEDRO
4933,PEDRO
4934,PEDRO
4935,PEDRO
4936,PEDRO
4937,PEDRO
4938,PEDRO
4939,PEDRO
4940,PEDRO
4941,PEDRO
4942,PEDRO
4943,PEDRO
4944,PEDRO
4945,PEDRO
4946,PEDRO
4947,PEDRO
4948,PEDRO
4949,PEDRO
4950,PEDRO
4951,PEDRO
4952,PEDRO
4953,PEDRO
4954,PEDRO
4955,PEDRO
4956,PEDRO
4957,PEDRO
4958,PEDRO
4959,PEDRO
4960,PEDRO
4961,PEDRO
4962,PENELOPE
4963,PERICLES
4964,PERICLES
4965,PETALA
4966,PETRAS
4967,PETRONIO
4968,PETRONIO
4969,PETRONIO
4970,PETRUS
4971,PETRUS
4972,PETTERSON
4973,PETTRUS
4974,PHIETICA
4975,PHILIPPE
4976,PHILLYPE
4977,PIO
4978,PITAGORAS
4979,PLEDSON
4980,PLINIO
4981,POLIANA
4982,POLLYANA
4983,POLLYANA
4984,POLLYANNA
4985,POLLYANNA
4986,POLYANA
4987,POLYANNE
4988,PRISCILA
4989,PRISCILA
4990,PRISCILA
4991,PRISCILA
4992,PRISCILA
4993,PRISCILA
4994,PRISCILA
4995,PRISCILA
4996,PRISCILLA
4997,PRISCILLA
4998,PRISCILLA
4999,PRISCILLA
5000,PRISCILLA
5001,PRISCILLA
5002,PROTASIO
5003,RACHEL
5004,RADEGUNDIS
5005,RADMILA
5006,RAFAEL
5007,RAFAEL
5008,RAFAEL
5009,RAFAEL
5010,RAFAEL
5011,RAFAEL
5012,RAFAEL
5013,RAFAEL
5014,RAFAEL
5015,RAFAEL
5016,RAFAEL
5017,RAFAEL
5018,RAFAEL
5019,RAFAEL
5020,RAFAEL
5021,RAFAEL
5022,RAFAEL
5023,RAFAEL
5024,RAFAEL
5025,RAFAEL
5026,RAFAEL
5027,RAFAEL
5028,RAFAEL
5029,RAFAEL
5030,RAFAEL
5031,RAFAEL
5032,RAFAEL
5033,RAFAEL
5034,RAFAEL
5035,RAFAEL
5036,RAFAEL
5037,RAFAEL
5038,RAFAELA
5039,RAFAELA
5040,RAFAELA
5041,RAFAELA
5042,RAFAELA
5043,RAFAELA
5044,RAFAELA
5045,RAFAELLA
5046,RAFAELLA
5047,RAFAELLA
5048,RAFAELLE
5049,RAI
5050,RAIANE
5051,RAIANO
5052,RAIFF
5053,RAILSON
5054,RAIMAR
5055,RAIMUNDA
5056,RAIMUNDA
5057,RAIMUNDO
5058,RAIMUNDO
5059,RAIMUNDO
5060,RAIMUNDO
5061,RAIMUNDO
5062,RAIMUNDO
5063,RAIMUNDO
5064,RAIMUNDO
5065,RAIMUNDO
5066,RAINETE
5067,RAIONARA
5068,RAISSA
5069,RAISSA
5070,RAISSA
5071,RAISSA
5072,RAIZA
5073,RAMON
5074,RAMSES
5075,RAND
5076,RANDOLFO
5077,RANE
5078,RANIELLE
5079,RANIERY
5080,RANILSON
5081,RANNIERY
5082,RAPHAEL
5083,RAPHAEL
5084,RAPHAEL
5085,RAPHAEL
5086,RAPHAELLA
5087,RAQUEL
5088,RAQUEL
5089,RAQUEL
5090,RAQUEL
5091,RAQUEL
5092,RAQUEL
5093,RAQUEL
5094,RAQUEL
5095,RAQUEL
5096,RAQUEL
5097,RAQUEL
5098,RAQUEL
5099,RAQUEL
5100,RAQUEL
5101,RAQUELINE
5102,RAUL
5103,RAVENNA
5104,RAYANA
5105,RAYANE
5106,RAYANNA
5107,RAYANNE
5108,RAYRON
5109,RAYSSA
5110,REBECA
5111,REBECA
5112,REBECCA
5113,REBECCA
5114,REBEKKA
5115,REGIBERTO
5116,REGINA
5117,REGINA
5118,REGINA
5119,REGINA
5120,REGINA
5121,REGINA
5122,REGINA
5123,REGINA
5124,REGINA
5125,REGINA
5126,REGINA
5127,REGINA
5128,REGINA
5129,REGINA
5130,REGINALDO
5131,REGINALDO
5132,REGIVAN
5133,REIDSON
5134,REILDA
5135,REINALDO
5136,REINALDO
5137,REIVLA
5138,REJANE
5139,REJANE
5140,REJANE
5141,REJANE
5142,RENAILDA
5143,RENAM
5144,RENAN
5145,RENAN
5146,RENAN
5147,RENAN
5148,RENATA
5149,RENATA
5150,RENATA
5151,RENATA
5152,RENATA
5153,RENATA
5154,RENATA
5155,RENATA
5156,RENATA
5157,RENATA
5158,RENATA
5159,RENATA
5160,RENATA
5161,RENATA
5162,RENATA
5163,RENATA
5164,RENATA
5165,RENATA
5166,RENATA
5167,RENATA
5168,RENATA
5169,RENATA
5170,RENATA
5171,RENATA
5172,RENATA
5173,RENATA
5174,RENATA
5175,RENATA
5176,RENATO
5177,RENATO
5178,RENATO
5179,RENATO
5180,RENATO
5181,RENATO
5182,RENATO
5183,RENATO
5184,RENCIO
5185,RENE
5186,RENY
5187,RERICA
5188,REX
5189,REYMARD
5190,REYNALDO
5191,RHANNIEL
5192,RHUAMA
5193,RHUAN
5194,RHUDSON
5195,RICARDO
5196,RICARDO
5197,RICARDO
5198,RICARDO
5199,RICARDO
5200,RICARDO
5201,RICARDO
5202,RICARDO
5203,RICARDO
5204,RICARDO
5205,RICARDO
5206,RICARDO
5207,RICARDO
5208,RICARDO
5209,RICARDO
5210,RICARDO
5211,RICARDO
5212,RICARDO
5213,RICARDO
5214,RICARDO
5215,RICARDO
5216,RICARDO
5217,RICARDO
5218,RICARDO
5219,RICARDO
5220,RICARDO
5221,RICARDO
5222,RICARDO
5223,RICARDO
5224,RICARDO
5225,RICARDO
5226,RICARDO
5227,RICARDO
5228,RICARDO
5229,RICARDO
5230,RICARDO
5231,RICARDO
5232,RICCARDO
5233,RICELLE
5234,RICHARDSON
5235,RICHARDSON
5236,RICHELE
5237,RIDALVO
5238,RIDAN
5239,RIDAN
5240,RIELLY
5241,RIMENA
5242,RINADJA
5243,RITA
5244,RITA
5245,RITA
5246,RITA
5247,RITA
5248,RITA
5249,RITA
5250,RITA
5251,RITA
5252,RIVA
5253,RIVALDO
5254,RIVANALDO
5255,RIVUS
5256,RIZIA
5257,ROAN
5258,ROBERIO
5259,ROBERTA
5260,ROBERTA
5261,ROBERTA
5262,ROBERTA
5263,ROBERTO
5264,ROBERTO
5265,ROBERTO
5266,ROBERTO
5267,ROBERTO
5268,ROBERTO
5269,ROBERTO
5270,ROBERTO
5271,ROBERTO
5272,ROBERTO
5273,ROBERTO
5274,ROBERTO
5275,ROBERTO
5276,ROBERTTHA
5277,ROBERVAL
5278,ROBINSON
5279,ROBSON
5280,ROBSON
5281,ROBSON
5282,ROBSON
5283,ROBSON
5284,ROBSON
5285,ROBSON
5286,ROBSON
5287,ROBSON
5288,ROBSON
5289,ROBSON
5290,ROBSON
5291,ROBSON
5292,ROCHELE
5293,RODIO
5294,RODIVAN
5295,RODOLFO
5296,RODOLFO
5297,RODOLFO
5298,RODOLFO
5299,RODOLFO
5300,RODOLFO
5301,RODOLFO
5302,RODRIGO
5303,RODRIGO
5304,RODRIGO
5305,RODRIGO
5306,RODRIGO
5307,RODRIGO
5308,RODRIGO
5309,RODRIGO
5310,RODRIGO
5311,RODRIGO
5312,RODRIGO
5313,RODRIGO
5314,RODRIGO
5315,RODRIGO
5316,RODRIGO
5317,RODRIGO
5318,RODRIGO
5319,RODRIGO
5320,RODRIGO
5321,RODRIGO
5322,RODRIGO
5323,RODRIGO
5324,RODRIGO
5325,RODRIGO
5326,RODRIGO
5327,RODRIGO
5328,RODRIGO
5329,RODRIGO
5330,RODRIGO
5331,RODRIGO
5332,RODRIGO
5333,RODRIGO
5334,RODRIGO
5335,RODRIGO
5336,RODRIGO
5337,RODRIGO
5338,RODRIGO
5339,ROGERIO
5340,ROGERIO
5341,ROGERIO
5342,ROGERIO
5343,ROGERIO
5344,ROGERIO
5345,ROGERIO
5346,ROGERIO
5347,ROGERIO
5348,ROGERIO
5349,ROGERIO
5350,ROGERIO
5351,ROGERSON
5352,ROMAYANA
5353,ROMERITO
5354,ROMERO
5355,ROMILDO
5356,ROMILDO
5357,ROMILSON
5358,ROMOALDO
5359,ROMUALDO
5360,ROMULO
5361,ROMULO
5362,ROMULO
5363,ROMULO
5364,ROMULO
5365,RONABSON
5366,RONAI
5367,RONALDO
5368,RONALDO
5369,RONALDO
5370,RONALDO
5371,RONALDO
5372,RONALDO
5373,RONALDO
5374,RONALDO
5375,RONALDO
5376,RONEDILK
5377,RONNIE
5378,RONNY
5379,ROOSEWELT
5380,ROSA
5381,ROSA
5382,ROSALIA
5383,ROSALIA
5384,ROSALIA
5385,ROSANA
5386,ROSANA
5387,ROSANA
5388,ROSANA
5389,ROSANA
5390,ROSANA
5391,ROSANA
5392,ROSANE
5393,ROSANE
5394,ROSANE
5395,ROSANEIDE
5396,ROSANEIDE
5397,ROSANGELA
5398,ROSANGELA
5399,ROSANGELA
5400,ROSANGELA
5401,ROSANGELA
5402,ROSANGELA
5403,ROSANGELA
5404,ROSANGELA
5405,ROSANGELA
5406,ROSANGELA
5407,ROSANGELA
5408,ROSANGELA
5409,ROSANGELA
5410,ROSANNE
5411,ROSANNE
5412,ROSAVER
5413,ROSE
5414,ROSEANA
5415,ROSEANE
5416,ROSELENE
5417,ROSELI
5418,ROSELY
5419,ROSEMARY
5420,ROSEMARY
5421,ROSEMEIRE
5422,ROSENALDO
5423,ROSENEIDE
5424,ROSIANA
5425,ROSICLEA
5426,ROSIE
5427,ROSIMEIRE
5428,ROSIMEIRE
5429,ROSIMEIRE
5430,ROSINETE
5431,ROSIRES
5432,ROSSANA
5433,ROSSANA
5434,ROVENA
5435,ROZANGELA
5436,ROZANNE
5437,ROZELI
5438,RUANA
5439,RUBENIA
5440,RUBENILSON
5441,RUBENS
5442,RUBENS
5443,RUBENS
5444,RUBENS
5445,RUCKER
5446,RUI
5447,RUI
5448,RUI
5449,RUMMENIGGE
5450,RUSCELI
5451,RUTACIO
5452,RUTE
5453,RUTE
5454,RUTE
5455,RUTH
5456,RUTH
5457,RUTH
5458,RUTH
5459,RUTHINEIA
5460,RUTHNALDO
5461,RUTILENE
5462,RUY
5463,RUY
5464,SABRINA
5465,SABRINA
5466,SABRINA
5467,SABRINA
5468,SABRINA
5469,SABRINNE
5470,SAINT
5471,SAIONARA
5472,SAIONARA
5473,SALETE
5474,SALICHOA
5475,SALOME
5476,SALVINA
5477,SAMAHERNI
5478,SAMARA
5479,SAMARA
5480,SAMARA
5481,SAMARA
5482,SAMIA
5483,SAMIR
5484,SAMIR
5485,SAMIRA
5486,SAMUEL
5487,SAMUEL
5488,SAMUEL
5489,SAMUEL
5490,SAMYR
5491,SANCHA
5492,SANDERSON
5493,SANDERSON
5494,SANDI
5495,SANDRA
5496,SANDRA
5497,SANDRA
5498,SANDRA
5499,SANDRA
5500,SANDRA
5501,SANDRA
5502,SANDRA
5503,SANDRA
5504,SANDRA
5505,SANDRA
5506,SANDRA
5507,SANDRA
5508,SANDRA
5509,SANDRA
5510,SANDRA
5511,SANDRA
5512,SANDRA
5513,SANDRA
5514,SANDRO
5515,SANDRO
5516,SANDRO
5517,SANDRO
5518,SANDRO
5519,SANDRO
5520,SANDRO
5521,SANEIRIANY
5522,SANTOS
5523,SANZIA
5524,SAONARA
5525,SARA
5526,SARA
5527,SARA
5528,SARA
5529,SARA
5530,SARAH
5531,SARAH
5532,SARAH
5533,SAUL
5534,SAULO
5535,SAULO
5536,SAULO
5537,SAULO
5538,SAVIO
5539,SAVIO
5540,SAYONARA
5541,SAYONARA
5542,SCHIRLEY
5543,SEBASTIAN
5544,SEBASTIANA
5545,SEBASTIANA
5546,SEBASTIAO
5547,SEBASTIAO
5548,SEBASTIAO
5549,SEBASTIAO
5550,SEBASTIAO
5551,SEBASTIAO
5552,SEBASTIAO
5553,SEBASTIAO
5554,SEBASTIAO
5555,SEBASTIAO
5556,SEBASTIAO
5557,SEBASTIAO
5558,SEBASTIAO
5559,SEDINA
5560,SELAN
5561,SELMA
5562,SELMA
5563,SELMA
5564,SELMA
5565,SELMA
5566,SELMA
5567,SELMA
5568,SEMELY
5569,SERGEI
5570,SERGIO
5571,SERGIO
5572,SERGIO
5573,SERGIO
5574,SERGIO
5575,SERGIO
5576,SERGIO
5577,SERGIO
5578,SERGIO
5579,SERGIO
5580,SERGIO
5581,SERGIO
5582,SERGIO
5583,SERGIO
5584,SERGIO
5585,SERGIO
5586,SERGIO
5587,SERGIO
5588,SERGIO
5589,SERGIO
5590,SERGIO
5591,SERGIO
5592,SERGIO
5593,SERGIO
5594,SERGIO
5595,SERGIO
5596,SERGIO
5597,SERGIO
5598,SERGIO
5599,SERGIO
5600,SERGIO
5601,SERGIO
5602,SERVULO
5603,SERVULO
5604,SEVERINA
5605,SEVERINA
5606,SEVERINA
5607,SEVERINA
5608,SEVERINA
5609,SEVERINO
5610,SEVERINO
5611,SEVERINO
5612,SEVERINO
5613,SEVERINO
5614,SEVERINO
5615,SEVERINO
5616,SEVERINO
5617,SHALINE
5618,SHARLINE
5619,SHAYANNA
5620,SHEILA
5621,SHEILA
5622,SHEILA
5623,SHEILA
5624,SHEILA
5625,SHEILLA
5626,SHEYLA
5627,SHEYLA
5628,SHEYLENA
5629,SHIRLEY
5630,SHIRLEY
5631,SHIRLLE
5632,SIBELE
5633,SIDARTA
5634,SIDARTA
5635,SIDNEY
5636,SIDNEY
5637,SILENA
5638,SILENO
5639,SILVAGNER
5640,SILVANA
5641,SILVANA
5642,SILVANA
5643,SILVANA
5644,SILVANA
5645,SILVANA
5646,SILVANA
5647,SILVANA
5648,SILVANO
5649,SILVESTRE
5650,SILVIA
5651,SILVIA
5652,SILVIA
5653,SILVIA
5654,SILVIA
5655,SILVIA
5656,SILVIA
5657,SILVIA
5658,SILVIA
5659,SILVIA
5660,SILVIO
5661,SILVIO
5662,SILVIO
5663,SIMONE
5664,SIMONE
5665,SIMONE
5666,SIMONE
5667,SIMONE
5668,SIMONE
5669,SIMONE
5670,SIMONE
5671,SIMONE
5672,SIMONE
5673,SISLLEY
5674,SOCRATES
5675,SOLANGE
5676,SOLANGE
5677,SOLANGE
5678,SOLANGE
5679,SOLON
5680,SONAYDY
5681,SONEMY
5682,SONIA
5683,SONIA
5684,SONIA
5685,SONIA
5686,SONIA
5687,SONIA
5688,SORAIA
5689,SORANEIDE
5690,SORAYA
5691,SORAYA
5692,STEFFERSON
5693,STEFFERSON
5694,STELA
5695,STELLA
5696,STENIA
5697,STENIO
5698,STEPHANIE
5699,STEVENSON
5700,STHONE
5701,SUEILHA
5702,SUELENE
5703,SUELI
5704,SUELY
5705,SUELY
5706,SUELY
5707,SUELY
5708,SUELY
5709,SUENI
5710,SUENIA
5711,SUIANNY
5712,SULANE
5713,SULEMI
5714,SUNARA
5715,SUSANA
5716,SUSANA
5717,SUYANA
5718,SUZANA
5719,SUZANA
5720,SUZANA
5721,SUZANA
5722,SUZANA
5723,SUZARA
5724,SUZERICA
5725,SUZIANE
5726,SUZIANNE
5727,SYLVIA
5728,SYLVIA
5729,SYLVIO
5730,SYMONE
5731,TAANAKE
5732,TABATTA
5733,TACIANA
5734,TACIANO
5735,TACITO
5736,TAIANA
5737,TAIANE
5738,TAINARA
5739,TAISE
5740,TAIZA
5741,TALES
5742,TALITA
5743,TALITA
5744,TALITA
5745,TALLES
5746,TALLITA
5747,TAMAR
5748,TAMARA
5749,TAMARA
5750,TAMILA
5751,TAMMS
5752,TANIA
5753,TANIA
5754,TANIA
5755,TANIA
5756,TANIA
5757,TANIA
5758,TANIRO
5759,TARCILIO
5760,TARCIRO
5761,TARCISIO
5762,TARCISIO
5763,TARCISIO
5764,TARCISIO
5765,TARCISIO
5766,TARCISO
5767,TARSILA
5768,TARSILA
5769,TASIA
5770,TASSIA
5771,TASSIANA
5772,TASSOS
5773,TATHIANY
5774,TATIANA
5775,TATIANA
5776,TATIANA
5777,TATIANA
5778,TATIANA
5779,TATIANA
5780,TATIANA
5781,TATIANA
5782,TATIANE
5783,TATIANE
5784,TATIANE
5785,TATYANA
5786,TATYANA
5787,TAYLOR
5788,TAYSSA
5789,TED
5790,TELMA
5791,TELMA
5792,TELMA
5793,TEODORA
5794,TERCIA
5795,TERCIA
5796,TERCIA
5797,TERCIANO
5798,TERESA
5799,TERESA
5800,TERESA
5801,TERESINHA
5802,TEREZA
5803,TEREZA
5804,TEREZA
5805,TEREZA
5806,TEREZINHA
5807,TEREZINHA
5808,TEREZINHA
5809,TEREZINHA
5810,TEREZINHA
5811,THAINA
5812,THAIS
5813,THAIS
5814,THAIS
5815,THAIS
5816,THAIS
5817,THAIS
5818,THAISA
5819,THAISA
5820,THAISE
5821,THAISSA
5822,THAIZ
5823,THAIZA
5824,THALES
5825,THALES
5826,THALES
5827,THALES
5828,THALITA
5829,THALITA
5830,THALLES
5831,THATIANE
5832,THATYANE
5833,THAUANA
5834,THAYS
5835,THAYSE
5836,THAYSE
5837,THAYZA
5838,THAZIA
5839,THAZIO
5840,THECYUS
5841,THELMA
5842,THEMIS
5843,THEMIS
5844,THEMISTOCLES
5845,THEO
5846,THERCIO
5847,THEREZA
5848,THEREZA
5849,THIAGO
5850,THIAGO
5851,THIAGO
5852,THIAGO
5853,THIAGO
5854,THIAGO
5855,THIAGO
5856,THIAGO
5857,THIAGO
5858,THIAGO
5859,THIAGO
5860,THIAGO
5861,THIAGO
5862,THIAGO
5863,THIAGO
5864,THIAGO
5865,THIAGO
5866,THIAGO
5867,THIARE
5868,THIEGO
5869,THOMAS
5870,THOMAS
5871,THOMAZ
5872,THOMAZ
5873,THULIO
5874,THYRONE
5875,TIAGO
5876,TIAGO
5877,TIAGO
5878,TIAGO
5879,TIAGO
5880,TIAGO
5881,TIAGO
5882,TIAGO
5883,TIAGO
5884,TIAGO
5885,TIAGO
5886,TIAGO
5887,TIARA
5888,TIBERIO
5889,TIBERIO
5890,TIBERIO
5891,TICIANA
5892,TICIANE
5893,TICIANO
5894,TIRZAH
5895,TITO
5896,TOBIAS
5897,TOMAS
5898,TOMAZ
5899,TOMMASO
5900,TULIA
5901,TULIO
5902,TULIO
5903,TULIO
5904,TULIO
5905,TULLIO
5906,UBIRAJARA
5907,UBIRATAN
5908,UBIRATHAN
5909,UILIETE
5910,UIRA
5911,ULISSES
5912,ULISSES
5913,ULYSSES
5914,UMBERTO
5915,UMBERTO
5916,UMBERTO
5917,URSULA
5918,URSULA
5919,VAGNER
5920,VALBER
5921,VALDECI
5922,VALDECI
5923,VALDECIO
5924,VALDECY
5925,VALDEMAR
5926,VALDEMIR
5927,VALDENIA
5928,VALDENIDES
5929,VALDI
5930,VALDICE
5931,VALDIR
5932,VALDIRA
5933,VALDSON
5934,VALENTIN
5935,VALERIA
5936,VALERIA
5937,VALERIA
5938,VALERIA
5939,VALERIA
5940,VALERIA
5941,VALERIA
5942,VALERIA
5943,VALERIA
5944,VALERIA
5945,VALERIA
5946,VALESKA
5947,VALQUIRIA
5948,VALQUIRIA
5949,VALTEMIA
5950,VALTER
5951,VALTER
5952,VAMBERTO
5953,VANCI
5954,VANDA
5955,VANDA
5956,VANDER
5957,VANDERLEI
5958,VANDINER
5959,VANESSA
5960,VANESSA
5961,VANESSA
5962,VANESSA
5963,VANESSA
5964,VANESSA
5965,VANESSA
5966,VANESSA
5967,VANESSA
5968,VANESSA
5969,VANESSA
5970,VANESSA
5971,VANESSA
5972,VANESSA
5973,VANESSA
5974,VANESSA
5975,VANESSA
5976,VANESSA
5977,VANIA
5978,VANIA
5979,VANIA
5980,VANIA
5981,VANIA
5982,VANILDO
5983,VANISSE
5984,VANJA
5985,VANUSA
5986,VANUSA
5987,VANUZA
5988,VANUZIA
5989,VEDER
5990,VELASQUEZ
5991,VENERANDO
5992,VENILSON
5993,VERA
5994,VERA
5995,VERA
5996,VERA
5997,VERA
5998,VERA
5999,VERA
6000,VERA
6001,VERBENA
6002,VERIDIANO
6003,VERNER
6004,VERONICA
6005,VERONICA
6006,VERONICA
6007,VERONICA
6008,VERONICA
6009,VERONICA
6010,VERUSKA
6011,VESCIO
6012,VIANA
6013,VICENTE
6014,VICENTE
6015,VICENTE
6016,VICTOR
6017,VICTOR
6018,VICTOR
6019,VICTOR
6020,VICTOR
6021,VICTOR
6022,VIDAL
6023,VIKTOR
6024,VILANI
6025,VILMA
6026,VILMA
6027,VINCENT
6028,VINICIO
6029,VINICIO
6030,VINICIUS
6031,VINICIUS
6032,VINICIUS
6033,VINICIUS
6034,VINICIUS
6035,VINICIUS
6036,VIRGILIO
6037,VIRGINIA
6038,VIRGINIA
6039,VIRGINIA
6040,VIRGINIA
6041,VITAL
6042,VITOR
6043,VITORIA
6044,VITTOR
6045,VIVIAN
6046,VIVIANE
6047,VIVIANE
6048,VIVIANE
6049,VIVIANE
6050,VIVIANE
6051,VIVIANE
6052,VIVIANE
6053,VIVIANE
6054,VIVIANE
6055,VIVIANE
6056,VIVIANE
6057,VIVIANNE
6058,VIVIANNE
6059,VLADIMIR
6060,VOLNEY
6061,WADLEIGHN
6062,WAGNER
6063,WAGNER
6064,WAGNER
6065,WAGNER
6066,WAGNER
6067,WAGNER
6068,WAGNER
6069,WALANNE
6070,WALBER
6071,WALDECIO
6072,WALDENICE
6073,WALDO
6074,WALERIA
6075,WALESKA
6076,WALKER
6077,WALLACE
6078,WALLACE
6079,WALLACY
6080,WALNESIA
6081,WALTECA
6082,WALTER
6083,WALTER
6084,WALTER
6085,WALTER
6086,WALTER
6087,WALTER
6088,WALTER
6089,WALTER
6090,WANDERLEIA
6091,WANDERLEY
6092,WANESSA
6093,WANESSA
6094,WANUSIA
6095,WARLEY
6096,WASHINGTON
6097,WASHINGTON
6098,WATTSON
6099,WEBER
6100,WEDNEY
6101,WELLINGTON
6102,WELLINGTON
6103,WELLINGTON
6104,WELLINGTON
6105,WELLINGTON
6106,WENDELL
6107,WENDELL
6108,WENDELL
6109,WERNER
6110,WESLEY
6111,WESLEY
6112,WESLEY
6113,WESLEY
6114,WEVERSON
6115,WEVERTON
6116,WEVERTON
6117,WIARA
6118,WICLIFFE
6119,WIEBKE
6120,WILACI
6121,WILDERSON
6122,WILKER
6123,WILLAME
6124,WILLIAM
6125,WILLIAM
6126,WILLIAM
6127,WILLIAM
6128,WILLIAM
6129,WILLIAM
6130,WILLIAN
6131,WILLIANE
6132,WILMA
6133,WILMA
6134,WILMA
6135,WILSON
6136,WILSON
6137,WILSON
6138,WILSON
6139,WILSYNNARA
6140,WINIFRED
6141,WINSTON
6142,WOUBER
6143,XISTO
6144,YAN
6145,YANA
6146,YANAK
6147,YANKO
6148,YARA
6149,YASHA
6150,YASMIN
6151,YCARO
6152,YOLANDA
6153,YOLE
6154,YULYANNA
6155,YURI
6156,YURI
6157,YURI
6158,YURI
6159,YURI
6160,YURI
6161,ZACARIAS
6162,ZAIRA
6163,ZAMA
6164,ZANIA
6165,ZANIA
6166,ZANKENNEDY
6167,ZAQUEU
6168,ZELIA
6169,ZENAIDE
6170,ZENEWTON
6171,ZENOBIO
6172,ZEU
6173,ZILANE
6174,ZILIANE
6175,ZILMAR
6176,ZIRLEIDE
6177,ZIVANILSON
6178,ZORAIDE
6179,ZORANO
6180,ZULAMAR
6181,ZULEIDE
6182,ZULMARA
